[    3316ms] [WARNING] [GPT] PubAdsService.enableSingleRequest is deprecated, use googletag.setConfig({singleRequest: ...}) instead.
https://goo.gle/gpt-message#170 @ https://securepubads.g.doubleclick.net/pagead/managed/js/gpt/m202605130101/pubads_impl.js?cb=31098551:18
[    3335ms] [WARNING] [GPT] Div ID passed to googletag.display() does not match any defined slots: bsa-zone_1765528824263-0_123456.
https://goo.gle/gpt-message#26 @ https://securepubads.g.doubleclick.net/pagead/managed/js/gpt/m202605130101/pubads_impl.js?cb=31098551:18
[    4847ms] [WARNING] [GPT] Slot.setTargeting is deprecated, use Slot.setConfig({targeting: ...}) instead.
https://goo.gle/gpt-message#171 @ https://securepubads.g.doubleclick.net/pagead/managed/js/gpt/m202605130101/pubads_impl.js?cb=31098551:18
[    5119ms] [ERROR] Failed to load resource: net::ERR_NAME_NOT_RESOLVED @ https://lb.eu-1-id5-sync.com/lb/v1:0
[    5340ms] [ERROR] Access to fetch at 'https://hb-api.omnitagjs.com/hb-api/prebid/v1?RefererUrl=https%3A%2F%2Fuxwing.com%2Fmeta-icon%2F&PageUrl=https%3A%2F%2Fuxwing.com%2Fmeta-icon%2F&PageReferrer=https%3A%2F%2Fwww.google.com%2F&CanonicalUrl=https%3A%2F%2Fuxwing.com%2Fmeta-icon%2F' from origin 'https://uxwing.com' has been blocked by CORS policy: No 'Access-Control-Allow-Origin' header is present on the requested resource. @ https://uxwing.com/meta-icon/:0
[    5340ms] [ERROR] Failed to load resource: net::ERR_FAILED @ https://hb-api.omnitagjs.com/hb-api/prebid/v1?RefererUrl=https%3A%2F%2Fuxwing.com%2Fmeta-icon%2F&PageUrl=https%3A%2F%2Fuxwing.com%2Fmeta-icon%2F&PageReferrer=https%3A%2F%2Fwww.google.com%2F&CanonicalUrl=https%3A%2F%2Fuxwing.com%2Fmeta-icon%2F:0
[    5607ms] [WARNING] [GPT] Slot bsa-zone_1670241562644-6_123456 rendered inside of the viewport.
https://goo.gle/gpt-message#169 @ https://securepubads.g.doubleclick.net/pagead/managed/js/gpt/m202605130101/pubads_impl.js?cb=31098551:18
[    5935ms] [INFO] Powered by AMP ⚡ HTML – Version 2603032146000 https://uxwing.com/meta-icon/ @ https://cdn.ampproject.org/rtv/012603032146000/amp4ads-v0.mjs:1
[    5945ms] [INFO] Powered by AMP ⚡ HTML – Version 2603032146000 https://uxwing.com/meta-icon/ @ https://cdn.ampproject.org/rtv/012603032146000/amp4ads-v0.mjs:1
[    5950ms] [INFO] Powered by AMP ⚡ HTML – Version 2603032146000 https://uxwing.com/meta-icon/ @ https://cdn.ampproject.org/rtv/012603032146000/amp4ads-v0.mjs:1
[    6283ms] [ERROR] Attestation check for Shared Storage on https://www.googleadservices.com failed. @ https://www.googleadservices.com/pagead/managed/js/activeview/current/reach_worklet.html:0
[   11294ms] [ERROR] Failed to load resource: net::ERR_NAME_NOT_RESOLVED @ https://pixel.rubiconproject.com/tap.php?v=223352&nid=4584&put=mOriQHSyhXNjYZu1NqA1A9iGfF9Wf46ECCZseCiBJEU:0
[   11295ms] [ERROR] Failed to load resource: net::ERR_NAME_NOT_RESOLVED @ https://pixel.rubiconproject.com/exchange/sync.php?p=pbs-adaptmx&us_privacy=1---:0
[   11696ms] [ERROR] Failed to load resource: net::ERR_NAME_NOT_RESOLVED @ https://pixel.rubiconproject.com/tap.php?v=223352&nid=4584&put=mOriQHSyhXNjYZu1NqA1A9iGfF9Wf46ECCZseCiBJEU:0
[   11294ms] [ERROR] Failed to load resource: net::ERR_NAME_NOT_RESOLVED @ https://pixel.rubiconproject.com/tap.php?v=223352&nid=4584&put=mOriQHSyhXNjYZu1NqA1A9iGfF9Wf46ECCZseCiBJEU:0
[   11696ms] [ERROR] Failed to load resource: net::ERR_NAME_NOT_RESOLVED @ https://pixel.rubiconproject.com/tap.php?v=223352&nid=4584&put=mOriQHSyhXNjYZu1NqA1A9iGfF9Wf46ECCZseCiBJEU:0
[   12723ms] [ERROR] Failed to load resource: the server responded with a status of 424 (Failed Dependency) @ https://t.adx.opera.com/pub/sync?pubid=pub10101531197440&gdpr=1&gdpr_consent=:0
[   12767ms] [ERROR] Failed to load resource: net::ERR_NAME_NOT_RESOLVED @ https://sync.adotmob.com/cookie/smart?r=https%3A%2F%2Frtb-csync.smartadserver.com%2Fredir%2F%3Fissi%3D1%26partnerid%3D66%26partneruserid%3D%7Bamob_user_id%7D:0
[   11295ms] [ERROR] Failed to load resource: net::ERR_NAME_NOT_RESOLVED @ https://pixel.rubiconproject.com/exchange/sync.php?p=pbs-adaptmx&us_privacy=1---:0
[   11295ms] [ERROR] Failed to load resource: net::ERR_NAME_NOT_RESOLVED @ https://pixel.rubiconproject.com/exchange/sync.php?p=pbs-adaptmx&us_privacy=1---:0
[   12915ms] [ERROR] Failed to load resource: net::ERR_NAME_NOT_RESOLVED @ https://pixel.rubiconproject.com/tap.php?v=223352&nid=4584&put=mOriQHSyhXNjYZu1NqA1A9iGfF9Wf46ECCZseCiBJEU:0
[   12915ms] [ERROR] Failed to load resource: net::ERR_NAME_NOT_RESOLVED @ https://pixel.rubiconproject.com/token?pid=52948:0
[   12915ms] [ERROR] Failed to load resource: net::ERR_NAME_NOT_RESOLVED @ https://pixel.rubiconproject.com/exchange/sync.php?p=a9us:0
[   13000ms] [ERROR] Failed to load resource: net::ERR_NAME_NOT_RESOLVED @ https://dps.jp.cinarra.com/pxd?PLATFORM_ID=1&USER_ID=cf753ffd-5d82-8789-f471-f1d6bf256417:0
[   13014ms] [ERROR] Failed to load resource: net::ERR_CONNECTION_REFUSED @ https://cs.nex8.net/cs/openx:0
[   13046ms] [ERROR] Failed to load resource: the server responded with a status of 424 (Failed Dependency) @ https://t.adx.opera.com/pub/sync?pubid=pub10101531197440&gdpr=1&gdpr_consent=:0
[   12915ms] [ERROR] Failed to load resource: net::ERR_NAME_NOT_RESOLVED @ https://pixel.rubiconproject.com/token?pid=52948:0
[   12915ms] [ERROR] Failed to load resource: net::ERR_NAME_NOT_RESOLVED @ https://pixel.rubiconproject.com/exchange/sync.php?p=a9us:0
[   12915ms] [ERROR] Failed to load resource: net::ERR_NAME_NOT_RESOLVED @ https://pixel.rubiconproject.com/token?pid=52948:0
[   12915ms] [ERROR] Failed to load resource: net::ERR_NAME_NOT_RESOLVED @ https://pixel.rubiconproject.com/exchange/sync.php?p=a9us:0
[   13262ms] [ERROR] Failed to load resource: net::ERR_NAME_NOT_RESOLVED @ https://pixel.rubiconproject.com/exchange/sync.php?p=pbs-apn:0
[   13262ms] [ERROR] Failed to load resource: net::ERR_NAME_NOT_RESOLVED @ https://pixel.rubiconproject.com/tap.php?v=8981&nid=2307&put=4fde19af-6af6-47b7-9250-0f861c66b597&gdpr=0&gdpr_consent=&expires=30:0
[   13262ms] [ERROR] Failed to load resource: net::ERR_NAME_NOT_RESOLVED @ https://pixel.rubiconproject.com/tap.php?v=7751&nid=2249&expires=30&put=CAESEFp_4baQm7249gSHgmVDPfw&google_cver=1:0
[   13262ms] [ERROR] Failed to load resource: net::ERR_NAME_NOT_RESOLVED @ https://pixel.rubiconproject.com/exchange/sync.php?p=pbs-adaptmx&:0
[   13263ms] [ERROR] Failed to load resource: net::ERR_NAME_NOT_RESOLVED @ https://pixel.rubiconproject.com/tap.php?v=31950&nid=2974&put=y-4DZ5_ztE2oIN4tq91rZawYXaOqTZSUIF2Bp.jg--~A:0
[   13263ms] [ERROR] Failed to load resource: net::ERR_NAME_NOT_RESOLVED @ https://pixel.rubiconproject.com/exchange/sync.php?p=19564:0
[   13000ms] [ERROR] Failed to load resource: net::ERR_NAME_NOT_RESOLVED @ https://dps.jp.cinarra.com/pxd?PLATFORM_ID=1&USER_ID=cf753ffd-5d82-8789-f471-f1d6bf256417:0
[   13014ms] [ERROR] Failed to load resource: net::ERR_CONNECTION_REFUSED @ https://cs.nex8.net/cs/openx:0
[   11295ms] [ERROR] Failed to load resource: net::ERR_NAME_NOT_RESOLVED @ https://pixel.rubiconproject.com/exchange/sync.php?p=pbs-adaptmx&us_privacy=1---:0
[   13262ms] [ERROR] Failed to load resource: net::ERR_NAME_NOT_RESOLVED @ https://pixel.rubiconproject.com/exchange/sync.php?p=pbs-adaptmx&:0
[   13358ms] [ERROR] Failed to load resource: net::ERR_NAME_NOT_RESOLVED @ https://pixel.rubiconproject.com/exchange/sync.php?p=dfp&google_gid=CAESEIUUtMfL_lKUNC8SXtWWxHc&google_cver=1:0
[   13358ms] [ERROR] Failed to load resource: net::ERR_NAME_NOT_RESOLVED @ https://pixel.rubiconproject.com/exchange/sync.php?p=pbs-adaptmx&:0
[   13358ms] [ERROR] Failed to load resource: net::ERR_NAME_NOT_RESOLVED @ https://pixel.rubiconproject.com/exchange/sync.php?p=pbs-adaptmx:0
[   13358ms] [ERROR] Failed to load resource: net::ERR_NAME_NOT_RESOLVED @ https://pixel.rubiconproject.com/exchange/sync.php?p=pbs-yahoo-exchange:0
[   13362ms] [ERROR] Failed to load resource: net::ERR_NAME_NOT_RESOLVED @ https://px.ads.linkedin.com/setuid?partner=rubiconDb&dbredirect=true&ruxId=MPAIZ3CM-15-KS08:0
[   11294ms] [ERROR] Failed to load resource: net::ERR_NAME_NOT_RESOLVED @ https://pixel.rubiconproject.com/tap.php?v=223352&nid=4584&put=mOriQHSyhXNjYZu1NqA1A9iGfF9Wf46ECCZseCiBJEU:0
[   11696ms] [ERROR] Failed to load resource: net::ERR_NAME_NOT_RESOLVED @ https://pixel.rubiconproject.com/tap.php?v=223352&nid=4584&put=mOriQHSyhXNjYZu1NqA1A9iGfF9Wf46ECCZseCiBJEU:0
[   12723ms] [ERROR] Failed to load resource: the server responded with a status of 424 (Failed Dependency) @ https://t.adx.opera.com/pub/sync?pubid=pub10101531197440&gdpr=1&gdpr_consent=:0
[   12915ms] [ERROR] Failed to load resource: net::ERR_NAME_NOT_RESOLVED @ https://pixel.rubiconproject.com/tap.php?v=223352&nid=4584&put=mOriQHSyhXNjYZu1NqA1A9iGfF9Wf46ECCZseCiBJEU:0
[   13046ms] [ERROR] Failed to load resource: the server responded with a status of 424 (Failed Dependency) @ https://t.adx.opera.com/pub/sync?pubid=pub10101531197440&gdpr=1&gdpr_consent=:0
[   13477ms] [ERROR] Failed to load resource: net::ERR_NAME_NOT_RESOLVED @ https://match.rundsp.com/redirect?ex=openx:0
[   13478ms] [ERROR] Failed to load resource: net::ERR_NAME_NOT_RESOLVED @ https://i.w55c.net/ping_match.gif?ei=OPENX&rurl=https%3A%2F%2Fus-u.openx.net%2Fw%2F1.0%2Fsd%3Fid%3D537072979%26val%3D_wfivefivec_:0
[   11295ms] [ERROR] Failed to load resource: net::ERR_NAME_NOT_RESOLVED @ https://pixel.rubiconproject.com/exchange/sync.php?p=pbs-adaptmx&us_privacy=1---:0
[   13262ms] [ERROR] Failed to load resource: net::ERR_NAME_NOT_RESOLVED @ https://pixel.rubiconproject.com/exchange/sync.php?p=pbs-adaptmx&:0
[   13358ms] [ERROR] Failed to load resource: net::ERR_NAME_NOT_RESOLVED @ https://pixel.rubiconproject.com/exchange/sync.php?p=pbs-adaptmx&:0
[   13712ms] [ERROR] Failed to load resource: net::ERR_NAME_NOT_RESOLVED @ https://pixel.rubiconproject.com/exchange/sync.php?p=pbs-adaptmx&:0
[   11295ms] [ERROR] Failed to load resource: net::ERR_NAME_NOT_RESOLVED @ https://pixel.rubiconproject.com/exchange/sync.php?p=pbs-adaptmx&us_privacy=1---:0
[   13262ms] [ERROR] Failed to load resource: net::ERR_NAME_NOT_RESOLVED @ https://pixel.rubiconproject.com/exchange/sync.php?p=pbs-adaptmx&:0
[   13358ms] [ERROR] Failed to load resource: net::ERR_NAME_NOT_RESOLVED @ https://pixel.rubiconproject.com/exchange/sync.php?p=pbs-adaptmx&:0
[   13712ms] [ERROR] Failed to load resource: net::ERR_NAME_NOT_RESOLVED @ https://pixel.rubiconproject.com/exchange/sync.php?p=pbs-adaptmx&:0
[   12915ms] [ERROR] Failed to load resource: net::ERR_NAME_NOT_RESOLVED @ https://pixel.rubiconproject.com/token?pid=52948:0
[   12915ms] [ERROR] Failed to load resource: net::ERR_NAME_NOT_RESOLVED @ https://pixel.rubiconproject.com/exchange/sync.php?p=a9us:0
[   13262ms] [ERROR] Failed to load resource: net::ERR_NAME_NOT_RESOLVED @ https://pixel.rubiconproject.com/exchange/sync.php?p=pbs-apn:0
[   13262ms] [ERROR] Failed to load resource: net::ERR_NAME_NOT_RESOLVED @ https://pixel.rubiconproject.com/tap.php?v=8981&nid=2307&put=4fde19af-6af6-47b7-9250-0f861c66b597&gdpr=0&gdpr_consent=&expires=30:0
[   13262ms] [ERROR] Failed to load resource: net::ERR_NAME_NOT_RESOLVED @ https://pixel.rubiconproject.com/tap.php?v=7751&nid=2249&expires=30&put=CAESEFp_4baQm7249gSHgmVDPfw&google_cver=1:0
[   13263ms] [ERROR] Failed to load resource: net::ERR_NAME_NOT_RESOLVED @ https://pixel.rubiconproject.com/tap.php?v=31950&nid=2974&put=y-4DZ5_ztE2oIN4tq91rZawYXaOqTZSUIF2Bp.jg--~A:0
[   13263ms] [ERROR] Failed to load resource: net::ERR_NAME_NOT_RESOLVED @ https://pixel.rubiconproject.com/exchange/sync.php?p=19564:0
[   13358ms] [ERROR] Failed to load resource: net::ERR_NAME_NOT_RESOLVED @ https://pixel.rubiconproject.com/exchange/sync.php?p=dfp&google_gid=CAESEIUUtMfL_lKUNC8SXtWWxHc&google_cver=1:0
[   13358ms] [ERROR] Failed to load resource: net::ERR_NAME_NOT_RESOLVED @ https://pixel.rubiconproject.com/exchange/sync.php?p=pbs-adaptmx:0
[   13358ms] [ERROR] Failed to load resource: net::ERR_NAME_NOT_RESOLVED @ https://pixel.rubiconproject.com/exchange/sync.php?p=pbs-yahoo-exchange:0
[   13362ms] [ERROR] Failed to load resource: net::ERR_NAME_NOT_RESOLVED @ https://px.ads.linkedin.com/setuid?partner=rubiconDb&dbredirect=true&ruxId=MPAIZ3CM-15-KS08:0
[   11294ms] [ERROR] Failed to load resource: net::ERR_NAME_NOT_RESOLVED @ https://pixel.rubiconproject.com/tap.php?v=223352&nid=4584&put=mOriQHSyhXNjYZu1NqA1A9iGfF9Wf46ECCZseCiBJEU:0
[   11696ms] [ERROR] Failed to load resource: net::ERR_NAME_NOT_RESOLVED @ https://pixel.rubiconproject.com/tap.php?v=223352&nid=4584&put=mOriQHSyhXNjYZu1NqA1A9iGfF9Wf46ECCZseCiBJEU:0
[   12723ms] [ERROR] Failed to load resource: the server responded with a status of 424 (Failed Dependency) @ https://t.adx.opera.com/pub/sync?pubid=pub10101531197440&gdpr=1&gdpr_consent=:0
[   12915ms] [ERROR] Failed to load resource: net::ERR_NAME_NOT_RESOLVED @ https://pixel.rubiconproject.com/tap.php?v=223352&nid=4584&put=mOriQHSyhXNjYZu1NqA1A9iGfF9Wf46ECCZseCiBJEU:0
[   13046ms] [ERROR] Failed to load resource: the server responded with a status of 424 (Failed Dependency) @ https://t.adx.opera.com/pub/sync?pubid=pub10101531197440&gdpr=1&gdpr_consent=:0
[   13762ms] [ERROR] Failed to load resource: net::ERR_NAME_NOT_RESOLVED @ https://s.company-target.com/s/eqx?sspurl=https%3A%2F%2Frtb-csync.smartadserver.com%2Fredir%2F%3Fissi%3D1%26partnerid%3D152%26partneruserid%3DPARTNER_USER_ID:0
[   12915ms] [ERROR] Failed to load resource: net::ERR_NAME_NOT_RESOLVED @ https://pixel.rubiconproject.com/token?pid=52948:0
[   12915ms] [ERROR] Failed to load resource: net::ERR_NAME_NOT_RESOLVED @ https://pixel.rubiconproject.com/exchange/sync.php?p=a9us:0
[   13262ms] [ERROR] Failed to load resource: net::ERR_NAME_NOT_RESOLVED @ https://pixel.rubiconproject.com/exchange/sync.php?p=pbs-apn:0
[   13262ms] [ERROR] Failed to load resource: net::ERR_NAME_NOT_RESOLVED @ https://pixel.rubiconproject.com/tap.php?v=8981&nid=2307&put=4fde19af-6af6-47b7-9250-0f861c66b597&gdpr=0&gdpr_consent=&expires=30:0
[   13262ms] [ERROR] Failed to load resource: net::ERR_NAME_NOT_RESOLVED @ https://pixel.rubiconproject.com/tap.php?v=7751&nid=2249&expires=30&put=CAESEFp_4baQm7249gSHgmVDPfw&google_cver=1:0
[   13263ms] [ERROR] Failed to load resource: net::ERR_NAME_NOT_RESOLVED @ https://pixel.rubiconproject.com/tap.php?v=31950&nid=2974&put=y-4DZ5_ztE2oIN4tq91rZawYXaOqTZSUIF2Bp.jg--~A:0
[   13263ms] [ERROR] Failed to load resource: net::ERR_NAME_NOT_RESOLVED @ https://pixel.rubiconproject.com/exchange/sync.php?p=19564:0
[   13358ms] [ERROR] Failed to load resource: net::ERR_NAME_NOT_RESOLVED @ https://pixel.rubiconproject.com/exchange/sync.php?p=dfp&google_gid=CAESEIUUtMfL_lKUNC8SXtWWxHc&google_cver=1:0
[   13358ms] [ERROR] Failed to load resource: net::ERR_NAME_NOT_RESOLVED @ https://pixel.rubiconproject.com/exchange/sync.php?p=pbs-adaptmx:0
[   13358ms] [ERROR] Failed to load resource: net::ERR_NAME_NOT_RESOLVED @ https://pixel.rubiconproject.com/exchange/sync.php?p=pbs-yahoo-exchange:0
[   13362ms] [ERROR] Failed to load resource: net::ERR_NAME_NOT_RESOLVED @ https://px.ads.linkedin.com/setuid?partner=rubiconDb&dbredirect=true&ruxId=MPAIZ3CM-15-KS08:0
[   12915ms] [ERROR] Failed to load resource: net::ERR_NAME_NOT_RESOLVED @ https://pixel.rubiconproject.com/token?pid=52948:0
[   12915ms] [ERROR] Failed to load resource: net::ERR_NAME_NOT_RESOLVED @ https://pixel.rubiconproject.com/exchange/sync.php?p=a9us:0
[   13262ms] [ERROR] Failed to load resource: net::ERR_NAME_NOT_RESOLVED @ https://pixel.rubiconproject.com/exchange/sync.php?p=pbs-apn:0
[   13262ms] [ERROR] Failed to load resource: net::ERR_NAME_NOT_RESOLVED @ https://pixel.rubiconproject.com/tap.php?v=8981&nid=2307&put=4fde19af-6af6-47b7-9250-0f861c66b597&gdpr=0&gdpr_consent=&expires=30:0
[   13262ms] [ERROR] Failed to load resource: net::ERR_NAME_NOT_RESOLVED @ https://pixel.rubiconproject.com/tap.php?v=7751&nid=2249&expires=30&put=CAESEFp_4baQm7249gSHgmVDPfw&google_cver=1:0
[   13263ms] [ERROR] Failed to load resource: net::ERR_NAME_NOT_RESOLVED @ https://pixel.rubiconproject.com/tap.php?v=31950&nid=2974&put=y-4DZ5_ztE2oIN4tq91rZawYXaOqTZSUIF2Bp.jg--~A:0
[   13263ms] [ERROR] Failed to load resource: net::ERR_NAME_NOT_RESOLVED @ https://pixel.rubiconproject.com/exchange/sync.php?p=19564:0
[   13358ms] [ERROR] Failed to load resource: net::ERR_NAME_NOT_RESOLVED @ https://pixel.rubiconproject.com/exchange/sync.php?p=dfp&google_gid=CAESEIUUtMfL_lKUNC8SXtWWxHc&google_cver=1:0
[   13358ms] [ERROR] Failed to load resource: net::ERR_NAME_NOT_RESOLVED @ https://pixel.rubiconproject.com/exchange/sync.php?p=pbs-adaptmx:0
[   13358ms] [ERROR] Failed to load resource: net::ERR_NAME_NOT_RESOLVED @ https://pixel.rubiconproject.com/exchange/sync.php?p=pbs-yahoo-exchange:0
[   13362ms] [ERROR] Failed to load resource: net::ERR_NAME_NOT_RESOLVED @ https://px.ads.linkedin.com/setuid?partner=rubiconDb&dbredirect=true&ruxId=MPAIZ3CM-15-KS08:0
[   14086ms] [ERROR] Failed to load resource: the server responded with a status of 424 (Failed Dependency) @ https://t.adx.opera.com/pub/sync?pubid=pub10101531197440&gdpr=1&gdpr_consent=:0
[   12915ms] [ERROR] Failed to load resource: net::ERR_NAME_NOT_RESOLVED @ https://pixel.rubiconproject.com/token?pid=52948:0
[   12915ms] [ERROR] Failed to load resource: net::ERR_NAME_NOT_RESOLVED @ https://pixel.rubiconproject.com/exchange/sync.php?p=a9us:0
[   13262ms] [ERROR] Failed to load resource: net::ERR_NAME_NOT_RESOLVED @ https://pixel.rubiconproject.com/exchange/sync.php?p=pbs-apn:0
[   13262ms] [ERROR] Failed to load resource: net::ERR_NAME_NOT_RESOLVED @ https://pixel.rubiconproject.com/tap.php?v=8981&nid=2307&put=4fde19af-6af6-47b7-9250-0f861c66b597&gdpr=0&gdpr_consent=&expires=30:0
[   13262ms] [ERROR] Failed to load resource: net::ERR_NAME_NOT_RESOLVED @ https://pixel.rubiconproject.com/tap.php?v=7751&nid=2249&expires=30&put=CAESEFp_4baQm7249gSHgmVDPfw&google_cver=1:0
[   13263ms] [ERROR] Failed to load resource: net::ERR_NAME_NOT_RESOLVED @ https://pixel.rubiconproject.com/tap.php?v=31950&nid=2974&put=y-4DZ5_ztE2oIN4tq91rZawYXaOqTZSUIF2Bp.jg--~A:0
[   13263ms] [ERROR] Failed to load resource: net::ERR_NAME_NOT_RESOLVED @ https://pixel.rubiconproject.com/exchange/sync.php?p=19564:0
[   13358ms] [ERROR] Failed to load resource: net::ERR_NAME_NOT_RESOLVED @ https://pixel.rubiconproject.com/exchange/sync.php?p=dfp&google_gid=CAESEIUUtMfL_lKUNC8SXtWWxHc&google_cver=1:0
[   13358ms] [ERROR] Failed to load resource: net::ERR_NAME_NOT_RESOLVED @ https://pixel.rubiconproject.com/exchange/sync.php?p=pbs-adaptmx:0
[   13358ms] [ERROR] Failed to load resource: net::ERR_NAME_NOT_RESOLVED @ https://pixel.rubiconproject.com/exchange/sync.php?p=pbs-yahoo-exchange:0
[   13362ms] [ERROR] Failed to load resource: net::ERR_NAME_NOT_RESOLVED @ https://px.ads.linkedin.com/setuid?partner=rubiconDb&dbredirect=true&ruxId=MPAIZ3CM-15-KS08:0
[   12915ms] [ERROR] Failed to load resource: net::ERR_NAME_NOT_RESOLVED @ https://pixel.rubiconproject.com/token?pid=52948:0
[   12915ms] [ERROR] Failed to load resource: net::ERR_NAME_NOT_RESOLVED @ https://pixel.rubiconproject.com/exchange/sync.php?p=a9us:0
[   13262ms] [ERROR] Failed to load resource: net::ERR_NAME_NOT_RESOLVED @ https://pixel.rubiconproject.com/exchange/sync.php?p=pbs-apn:0
[   13262ms] [ERROR] Failed to load resource: net::ERR_NAME_NOT_RESOLVED @ https://pixel.rubiconproject.com/tap.php?v=8981&nid=2307&put=4fde19af-6af6-47b7-9250-0f861c66b597&gdpr=0&gdpr_consent=&expires=30:0
[   13262ms] [ERROR] Failed to load resource: net::ERR_NAME_NOT_RESOLVED @ https://pixel.rubiconproject.com/tap.php?v=7751&nid=2249&expires=30&put=CAESEFp_4baQm7249gSHgmVDPfw&google_cver=1:0
[   13263ms] [ERROR] Failed to load resource: net::ERR_NAME_NOT_RESOLVED @ https://pixel.rubiconproject.com/tap.php?v=31950&nid=2974&put=y-4DZ5_ztE2oIN4tq91rZawYXaOqTZSUIF2Bp.jg--~A:0
[   13263ms] [ERROR] Failed to load resource: net::ERR_NAME_NOT_RESOLVED @ https://pixel.rubiconproject.com/exchange/sync.php?p=19564:0
[   13358ms] [ERROR] Failed to load resource: net::ERR_NAME_NOT_RESOLVED @ https://pixel.rubiconproject.com/exchange/sync.php?p=dfp&google_gid=CAESEIUUtMfL_lKUNC8SXtWWxHc&google_cver=1:0
[   13358ms] [ERROR] Failed to load resource: net::ERR_NAME_NOT_RESOLVED @ https://pixel.rubiconproject.com/exchange/sync.php?p=pbs-adaptmx:0
[   13358ms] [ERROR] Failed to load resource: net::ERR_NAME_NOT_RESOLVED @ https://pixel.rubiconproject.com/exchange/sync.php?p=pbs-yahoo-exchange:0
[   13362ms] [ERROR] Failed to load resource: net::ERR_NAME_NOT_RESOLVED @ https://px.ads.linkedin.com/setuid?partner=rubiconDb&dbredirect=true&ruxId=MPAIZ3CM-15-KS08:0
[   12915ms] [ERROR] Failed to load resource: net::ERR_NAME_NOT_RESOLVED @ https://pixel.rubiconproject.com/token?pid=52948:0
[   12915ms] [ERROR] Failed to load resource: net::ERR_NAME_NOT_RESOLVED @ https://pixel.rubiconproject.com/exchange/sync.php?p=a9us:0
[   13262ms] [ERROR] Failed to load resource: net::ERR_NAME_NOT_RESOLVED @ https://pixel.rubiconproject.com/exchange/sync.php?p=pbs-apn:0
[   13262ms] [ERROR] Failed to load resource: net::ERR_NAME_NOT_RESOLVED @ https://pixel.rubiconproject.com/tap.php?v=8981&nid=2307&put=4fde19af-6af6-47b7-9250-0f861c66b597&gdpr=0&gdpr_consent=&expires=30:0
[   13262ms] [ERROR] Failed to load resource: net::ERR_NAME_NOT_RESOLVED @ https://pixel.rubiconproject.com/tap.php?v=7751&nid=2249&expires=30&put=CAESEFp_4baQm7249gSHgmVDPfw&google_cver=1:0
[   13263ms] [ERROR] Failed to load resource: net::ERR_NAME_NOT_RESOLVED @ https://pixel.rubiconproject.com/tap.php?v=31950&nid=2974&put=y-4DZ5_ztE2oIN4tq91rZawYXaOqTZSUIF2Bp.jg--~A:0
[   13263ms] [ERROR] Failed to load resource: net::ERR_NAME_NOT_RESOLVED @ https://pixel.rubiconproject.com/exchange/sync.php?p=19564:0
[   13358ms] [ERROR] Failed to load resource: net::ERR_NAME_NOT_RESOLVED @ https://pixel.rubiconproject.com/exchange/sync.php?p=dfp&google_gid=CAESEIUUtMfL_lKUNC8SXtWWxHc&google_cver=1:0
[   13358ms] [ERROR] Failed to load resource: net::ERR_NAME_NOT_RESOLVED @ https://pixel.rubiconproject.com/exchange/sync.php?p=pbs-adaptmx:0
[   13358ms] [ERROR] Failed to load resource: net::ERR_NAME_NOT_RESOLVED @ https://pixel.rubiconproject.com/exchange/sync.php?p=pbs-yahoo-exchange:0
[   13362ms] [ERROR] Failed to load resource: net::ERR_NAME_NOT_RESOLVED @ https://px.ads.linkedin.com/setuid?partner=rubiconDb&dbredirect=true&ruxId=MPAIZ3CM-15-KS08:0
[   12915ms] [ERROR] Failed to load resource: net::ERR_NAME_NOT_RESOLVED @ https://pixel.rubiconproject.com/token?pid=52948:0
[   12915ms] [ERROR] Failed to load resource: net::ERR_NAME_NOT_RESOLVED @ https://pixel.rubiconproject.com/exchange/sync.php?p=a9us:0
[   13262ms] [ERROR] Failed to load resource: net::ERR_NAME_NOT_RESOLVED @ https://pixel.rubiconproject.com/exchange/sync.php?p=pbs-apn:0
[   13262ms] [ERROR] Failed to load resource: net::ERR_NAME_NOT_RESOLVED @ https://pixel.rubiconproject.com/tap.php?v=8981&nid=2307&put=4fde19af-6af6-47b7-9250-0f861c66b597&gdpr=0&gdpr_consent=&expires=30:0
[   13262ms] [ERROR] Failed to load resource: net::ERR_NAME_NOT_RESOLVED @ https://pixel.rubiconproject.com/tap.php?v=7751&nid=2249&expires=30&put=CAESEFp_4baQm7249gSHgmVDPfw&google_cver=1:0
[   13263ms] [ERROR] Failed to load resource: net::ERR_NAME_NOT_RESOLVED @ https://pixel.rubiconproject.com/tap.php?v=31950&nid=2974&put=y-4DZ5_ztE2oIN4tq91rZawYXaOqTZSUIF2Bp.jg--~A:0
[   13263ms] [ERROR] Failed to load resource: net::ERR_NAME_NOT_RESOLVED @ https://pixel.rubiconproject.com/exchange/sync.php?p=19564:0
[   13358ms] [ERROR] Failed to load resource: net::ERR_NAME_NOT_RESOLVED @ https://pixel.rubiconproject.com/exchange/sync.php?p=dfp&google_gid=CAESEIUUtMfL_lKUNC8SXtWWxHc&google_cver=1:0
[   13358ms] [ERROR] Failed to load resource: net::ERR_NAME_NOT_RESOLVED @ https://pixel.rubiconproject.com/exchange/sync.php?p=pbs-adaptmx:0
[   13358ms] [ERROR] Failed to load resource: net::ERR_NAME_NOT_RESOLVED @ https://pixel.rubiconproject.com/exchange/sync.php?p=pbs-yahoo-exchange:0
[   13362ms] [ERROR] Failed to load resource: net::ERR_NAME_NOT_RESOLVED @ https://px.ads.linkedin.com/setuid?partner=rubiconDb&dbredirect=true&ruxId=MPAIZ3CM-15-KS08:0
[   12915ms] [ERROR] Failed to load resource: net::ERR_NAME_NOT_RESOLVED @ https://pixel.rubiconproject.com/token?pid=52948:0
[   12915ms] [ERROR] Failed to load resource: net::ERR_NAME_NOT_RESOLVED @ https://pixel.rubiconproject.com/exchange/sync.php?p=a9us:0
[   13262ms] [ERROR] Failed to load resource: net::ERR_NAME_NOT_RESOLVED @ https://pixel.rubiconproject.com/exchange/sync.php?p=pbs-apn:0
[   13262ms] [ERROR] Failed to load resource: net::ERR_NAME_NOT_RESOLVED @ https://pixel.rubiconproject.com/tap.php?v=8981&nid=2307&put=4fde19af-6af6-47b7-9250-0f861c66b597&gdpr=0&gdpr_consent=&expires=30:0
[   13262ms] [ERROR] Failed to load resource: net::ERR_NAME_NOT_RESOLVED @ https://pixel.rubiconproject.com/tap.php?v=7751&nid=2249&expires=30&put=CAESEFp_4baQm7249gSHgmVDPfw&google_cver=1:0
[   13263ms] [ERROR] Failed to load resource: net::ERR_NAME_NOT_RESOLVED @ https://pixel.rubiconproject.com/tap.php?v=31950&nid=2974&put=y-4DZ5_ztE2oIN4tq91rZawYXaOqTZSUIF2Bp.jg--~A:0
[   13263ms] [ERROR] Failed to load resource: net::ERR_NAME_NOT_RESOLVED @ https://pixel.rubiconproject.com/exchange/sync.php?p=19564:0
[   13358ms] [ERROR] Failed to load resource: net::ERR_NAME_NOT_RESOLVED @ https://pixel.rubiconproject.com/exchange/sync.php?p=dfp&google_gid=CAESEIUUtMfL_lKUNC8SXtWWxHc&google_cver=1:0
[   13358ms] [ERROR] Failed to load resource: net::ERR_NAME_NOT_RESOLVED @ https://pixel.rubiconproject.com/exchange/sync.php?p=pbs-adaptmx:0
[   13358ms] [ERROR] Failed to load resource: net::ERR_NAME_NOT_RESOLVED @ https://pixel.rubiconproject.com/exchange/sync.php?p=pbs-yahoo-exchange:0
[   13362ms] [ERROR] Failed to load resource: net::ERR_NAME_NOT_RESOLVED @ https://px.ads.linkedin.com/setuid?partner=rubiconDb&dbredirect=true&ruxId=MPAIZ3CM-15-KS08:0
[   11295ms] [ERROR] Failed to load resource: net::ERR_NAME_NOT_RESOLVED @ https://pixel.rubiconproject.com/exchange/sync.php?p=pbs-adaptmx&us_privacy=1---:0
[   13262ms] [ERROR] Failed to load resource: net::ERR_NAME_NOT_RESOLVED @ https://pixel.rubiconproject.com/exchange/sync.php?p=pbs-adaptmx&:0
[   13358ms] [ERROR] Failed to load resource: net::ERR_NAME_NOT_RESOLVED @ https://pixel.rubiconproject.com/exchange/sync.php?p=pbs-adaptmx&:0
[   13712ms] [ERROR] Failed to load resource: net::ERR_NAME_NOT_RESOLVED @ https://pixel.rubiconproject.com/exchange/sync.php?p=pbs-adaptmx&:0
[   12915ms] [ERROR] Failed to load resource: net::ERR_NAME_NOT_RESOLVED @ https://pixel.rubiconproject.com/token?pid=52948:0
[   12915ms] [ERROR] Failed to load resource: net::ERR_NAME_NOT_RESOLVED @ https://pixel.rubiconproject.com/exchange/sync.php?p=a9us:0
[   13262ms] [ERROR] Failed to load resource: net::ERR_NAME_NOT_RESOLVED @ https://pixel.rubiconproject.com/exchange/sync.php?p=pbs-apn:0
[   13262ms] [ERROR] Failed to load resource: net::ERR_NAME_NOT_RESOLVED @ https://pixel.rubiconproject.com/tap.php?v=8981&nid=2307&put=4fde19af-6af6-47b7-9250-0f861c66b597&gdpr=0&gdpr_consent=&expires=30:0
[   13262ms] [ERROR] Failed to load resource: net::ERR_NAME_NOT_RESOLVED @ https://pixel.rubiconproject.com/tap.php?v=7751&nid=2249&expires=30&put=CAESEFp_4baQm7249gSHgmVDPfw&google_cver=1:0
[   13263ms] [ERROR] Failed to load resource: net::ERR_NAME_NOT_RESOLVED @ https://pixel.rubiconproject.com/tap.php?v=31950&nid=2974&put=y-4DZ5_ztE2oIN4tq91rZawYXaOqTZSUIF2Bp.jg--~A:0
[   13263ms] [ERROR] Failed to load resource: net::ERR_NAME_NOT_RESOLVED @ https://pixel.rubiconproject.com/exchange/sync.php?p=19564:0
[   13358ms] [ERROR] Failed to load resource: net::ERR_NAME_NOT_RESOLVED @ https://pixel.rubiconproject.com/exchange/sync.php?p=dfp&google_gid=CAESEIUUtMfL_lKUNC8SXtWWxHc&google_cver=1:0
[   13358ms] [ERROR] Failed to load resource: net::ERR_NAME_NOT_RESOLVED @ https://pixel.rubiconproject.com/exchange/sync.php?p=pbs-adaptmx:0
[   13358ms] [ERROR] Failed to load resource: net::ERR_NAME_NOT_RESOLVED @ https://pixel.rubiconproject.com/exchange/sync.php?p=pbs-yahoo-exchange:0
[   13362ms] [ERROR] Failed to load resource: net::ERR_NAME_NOT_RESOLVED @ https://px.ads.linkedin.com/setuid?partner=rubiconDb&dbredirect=true&ruxId=MPAIZ3CM-15-KS08:0
[   12915ms] [ERROR] Failed to load resource: net::ERR_NAME_NOT_RESOLVED @ https://pixel.rubiconproject.com/token?pid=52948:0
[   12915ms] [ERROR] Failed to load resource: net::ERR_NAME_NOT_RESOLVED @ https://pixel.rubiconproject.com/exchange/sync.php?p=a9us:0
[   13262ms] [ERROR] Failed to load resource: net::ERR_NAME_NOT_RESOLVED @ https://pixel.rubiconproject.com/exchange/sync.php?p=pbs-apn:0
[   13262ms] [ERROR] Failed to load resource: net::ERR_NAME_NOT_RESOLVED @ https://pixel.rubiconproject.com/tap.php?v=8981&nid=2307&put=4fde19af-6af6-47b7-9250-0f861c66b597&gdpr=0&gdpr_consent=&expires=30:0
[   13262ms] [ERROR] Failed to load resource: net::ERR_NAME_NOT_RESOLVED @ https://pixel.rubiconproject.com/tap.php?v=7751&nid=2249&expires=30&put=CAESEFp_4baQm7249gSHgmVDPfw&google_cver=1:0
[   13263ms] [ERROR] Failed to load resource: net::ERR_NAME_NOT_RESOLVED @ https://pixel.rubiconproject.com/tap.php?v=31950&nid=2974&put=y-4DZ5_ztE2oIN4tq91rZawYXaOqTZSUIF2Bp.jg--~A:0
[   13263ms] [ERROR] Failed to load resource: net::ERR_NAME_NOT_RESOLVED @ https://pixel.rubiconproject.com/exchange/sync.php?p=19564:0
[   13358ms] [ERROR] Failed to load resource: net::ERR_NAME_NOT_RESOLVED @ https://pixel.rubiconproject.com/exchange/sync.php?p=dfp&google_gid=CAESEIUUtMfL_lKUNC8SXtWWxHc&google_cver=1:0
[   13358ms] [ERROR] Failed to load resource: net::ERR_NAME_NOT_RESOLVED @ https://pixel.rubiconproject.com/exchange/sync.php?p=pbs-adaptmx:0
[   13358ms] [ERROR] Failed to load resource: net::ERR_NAME_NOT_RESOLVED @ https://pixel.rubiconproject.com/exchange/sync.php?p=pbs-yahoo-exchange:0
[   13362ms] [ERROR] Failed to load resource: net::ERR_NAME_NOT_RESOLVED @ https://px.ads.linkedin.com/setuid?partner=rubiconDb&dbredirect=true&ruxId=MPAIZ3CM-15-KS08:0
[   12915ms] [ERROR] Failed to load resource: net::ERR_NAME_NOT_RESOLVED @ https://pixel.rubiconproject.com/token?pid=52948:0
[   12915ms] [ERROR] Failed to load resource: net::ERR_NAME_NOT_RESOLVED @ https://pixel.rubiconproject.com/exchange/sync.php?p=a9us:0
[   13262ms] [ERROR] Failed to load resource: net::ERR_NAME_NOT_RESOLVED @ https://pixel.rubiconproject.com/exchange/sync.php?p=pbs-apn:0
[   13262ms] [ERROR] Failed to load resource: net::ERR_NAME_NOT_RESOLVED @ https://pixel.rubiconproject.com/tap.php?v=8981&nid=2307&put=4fde19af-6af6-47b7-9250-0f861c66b597&gdpr=0&gdpr_consent=&expires=30:0
[   13262ms] [ERROR] Failed to load resource: net::ERR_NAME_NOT_RESOLVED @ https://pixel.rubiconproject.com/tap.php?v=7751&nid=2249&expires=30&put=CAESEFp_4baQm7249gSHgmVDPfw&google_cver=1:0
[   13263ms] [ERROR] Failed to load resource: net::ERR_NAME_NOT_RESOLVED @ https://pixel.rubiconproject.com/tap.php?v=31950&nid=2974&put=y-4DZ5_ztE2oIN4tq91rZawYXaOqTZSUIF2Bp.jg--~A:0
[   13263ms] [ERROR] Failed to load resource: net::ERR_NAME_NOT_RESOLVED @ https://pixel.rubiconproject.com/exchange/sync.php?p=19564:0
[   13358ms] [ERROR] Failed to load resource: net::ERR_NAME_NOT_RESOLVED @ https://pixel.rubiconproject.com/exchange/sync.php?p=dfp&google_gid=CAESEIUUtMfL_lKUNC8SXtWWxHc&google_cver=1:0
[   13358ms] [ERROR] Failed to load resource: net::ERR_NAME_NOT_RESOLVED @ https://pixel.rubiconproject.com/exchange/sync.php?p=pbs-adaptmx:0
[   13358ms] [ERROR] Failed to load resource: net::ERR_NAME_NOT_RESOLVED @ https://pixel.rubiconproject.com/exchange/sync.php?p=pbs-yahoo-exchange:0
[   13362ms] [ERROR] Failed to load resource: net::ERR_NAME_NOT_RESOLVED @ https://px.ads.linkedin.com/setuid?partner=rubiconDb&dbredirect=true&ruxId=MPAIZ3CM-15-KS08:0
[   12915ms] [ERROR] Failed to load resource: net::ERR_NAME_NOT_RESOLVED @ https://pixel.rubiconproject.com/token?pid=52948:0
[   12915ms] [ERROR] Failed to load resource: net::ERR_NAME_NOT_RESOLVED @ https://pixel.rubiconproject.com/exchange/sync.php?p=a9us:0
[   13262ms] [ERROR] Failed to load resource: net::ERR_NAME_NOT_RESOLVED @ https://pixel.rubiconproject.com/exchange/sync.php?p=pbs-apn:0
[   13262ms] [ERROR] Failed to load resource: net::ERR_NAME_NOT_RESOLVED @ https://pixel.rubiconproject.com/tap.php?v=8981&nid=2307&put=4fde19af-6af6-47b7-9250-0f861c66b597&gdpr=0&gdpr_consent=&expires=30:0
[   13262ms] [ERROR] Failed to load resource: net::ERR_NAME_NOT_RESOLVED @ https://pixel.rubiconproject.com/tap.php?v=7751&nid=2249&expires=30&put=CAESEFp_4baQm7249gSHgmVDPfw&google_cver=1:0
[   13263ms] [ERROR] Failed to load resource: net::ERR_NAME_NOT_RESOLVED @ https://pixel.rubiconproject.com/tap.php?v=31950&nid=2974&put=y-4DZ5_ztE2oIN4tq91rZawYXaOqTZSUIF2Bp.jg--~A:0
[   13263ms] [ERROR] Failed to load resource: net::ERR_NAME_NOT_RESOLVED @ https://pixel.rubiconproject.com/exchange/sync.php?p=19564:0
[   13358ms] [ERROR] Failed to load resource: net::ERR_NAME_NOT_RESOLVED @ https://pixel.rubiconproject.com/exchange/sync.php?p=dfp&google_gid=CAESEIUUtMfL_lKUNC8SXtWWxHc&google_cver=1:0
[   13358ms] [ERROR] Failed to load resource: net::ERR_NAME_NOT_RESOLVED @ https://pixel.rubiconproject.com/exchange/sync.php?p=pbs-adaptmx:0
[   13358ms] [ERROR] Failed to load resource: net::ERR_NAME_NOT_RESOLVED @ https://pixel.rubiconproject.com/exchange/sync.php?p=pbs-yahoo-exchange:0
[   13362ms] [ERROR] Failed to load resource: net::ERR_NAME_NOT_RESOLVED @ https://px.ads.linkedin.com/setuid?partner=rubiconDb&dbredirect=true&ruxId=MPAIZ3CM-15-KS08:0
[   12915ms] [ERROR] Failed to load resource: net::ERR_NAME_NOT_RESOLVED @ https://pixel.rubiconproject.com/token?pid=52948:0
[   12915ms] [ERROR] Failed to load resource: net::ERR_NAME_NOT_RESOLVED @ https://pixel.rubiconproject.com/exchange/sync.php?p=a9us:0
[   13262ms] [ERROR] Failed to load resource: net::ERR_NAME_NOT_RESOLVED @ https://pixel.rubiconproject.com/exchange/sync.php?p=pbs-apn:0
[   13262ms] [ERROR] Failed to load resource: net::ERR_NAME_NOT_RESOLVED @ https://pixel.rubiconproject.com/tap.php?v=8981&nid=2307&put=4fde19af-6af6-47b7-9250-0f861c66b597&gdpr=0&gdpr_consent=&expires=30:0
[   13262ms] [ERROR] Failed to load resource: net::ERR_NAME_NOT_RESOLVED @ https://pixel.rubiconproject.com/tap.php?v=7751&nid=2249&expires=30&put=CAESEFp_4baQm7249gSHgmVDPfw&google_cver=1:0
[   13263ms] [ERROR] Failed to load resource: net::ERR_NAME_NOT_RESOLVED @ https://pixel.rubiconproject.com/tap.php?v=31950&nid=2974&put=y-4DZ5_ztE2oIN4tq91rZawYXaOqTZSUIF2Bp.jg--~A:0
[   13263ms] [ERROR] Failed to load resource: net::ERR_NAME_NOT_RESOLVED @ https://pixel.rubiconproject.com/exchange/sync.php?p=19564:0
[   13358ms] [ERROR] Failed to load resource: net::ERR_NAME_NOT_RESOLVED @ https://pixel.rubiconproject.com/exchange/sync.php?p=dfp&google_gid=CAESEIUUtMfL_lKUNC8SXtWWxHc&google_cver=1:0
[   13358ms] [ERROR] Failed to load resource: net::ERR_NAME_NOT_RESOLVED @ https://pixel.rubiconproject.com/exchange/sync.php?p=pbs-adaptmx:0
[   13358ms] [ERROR] Failed to load resource: net::ERR_NAME_NOT_RESOLVED @ https://pixel.rubiconproject.com/exchange/sync.php?p=pbs-yahoo-exchange:0
[   13362ms] [ERROR] Failed to load resource: net::ERR_NAME_NOT_RESOLVED @ https://px.ads.linkedin.com/setuid?partner=rubiconDb&dbredirect=true&ruxId=MPAIZ3CM-15-KS08:0
[   14348ms] [ERROR] Failed to load resource: net::ERR_NAME_NOT_RESOLVED @ https://pixel.tapad.com/idsync/ex/receive?partner_id=3535&partner_device_id=ID5-5-50586368-d49a-45cf-b635-d3c968d5d097&partner_url=https%3A%2F%2Fsync.inmobi.com%2Fsetuid%3FbidderID%3D877%26dspUserId%3D%24%7BTA_DEVICE_ID%7D:0
[   14348ms] [ERROR] Failed to load resource: net::ERR_NAME_NOT_RESOLVED @ https://pixel.tapad.com/idsync/ex/receive?partner_id=1388&partner_device_id=Jj9VgGoKazUn%2BrqjdGUeRQ%3D%3D&us_privacy=&random=1779067701834.3&redirect=https%3A%2F%2Fthinkcxad.azurewebsites.net%2Fapi%2Fpixel%3Fid%3D%24%7BTA_DEVICE_ID%7D%26partner%3DTAPAD:0
[   14351ms] [ERROR] Failed to load resource: net::ERR_NAME_NOT_RESOLVED @ https://pixel.tapad.com/idsync/ex/receive?partner_id=1388&partner_device_id=Jj9VgGoKazUn%2BrqjdGUeRQ%3D%3D&us_privacy=&random=1779067701922.3&redirect=https%3A%2F%2Fthinkcxad.azurewebsites.net%2Fapi%2Fpixel%3Fid%3D%24%7BTA_DEVICE_ID%7D%26partner%3DTAPAD:0
[   14351ms] [ERROR] Failed to load resource: net::ERR_NAME_NOT_RESOLVED @ https://pixel.rubiconproject.com/tap.php?v=223352&nid=4584&put=mOriQHSyhXNjYZu1NqA1A9iGfF9Wf46ECCZseCiBJEU:0
[   14352ms] [ERROR] Failed to load resource: net::ERR_NAME_NOT_RESOLVED @ https://pixel.rubiconproject.com/tap.php?v=183462&nid=4114&put=AAfA9U7UFNYAAADEqxIEbA&expires=30:0
[   14351ms] [ERROR] Failed to load resource: net::ERR_NAME_NOT_RESOLVED @ https://us.ck-ie.com/inmslw82.gif?gdpr=0&gdpr_consent=&redir=https%3A%2F%2Fsync.inmobi.com%2Fsetuid%3FbidderID%3DID5-893%26dspUserId%3D%7B%24PARTNER_UID%7D:0
[   11294ms] [ERROR] Failed to load resource: net::ERR_NAME_NOT_RESOLVED @ https://pixel.rubiconproject.com/tap.php?v=223352&nid=4584&put=mOriQHSyhXNjYZu1NqA1A9iGfF9Wf46ECCZseCiBJEU:0
[   11696ms] [ERROR] Failed to load resource: net::ERR_NAME_NOT_RESOLVED @ https://pixel.rubiconproject.com/tap.php?v=223352&nid=4584&put=mOriQHSyhXNjYZu1NqA1A9iGfF9Wf46ECCZseCiBJEU:0
[   12723ms] [ERROR] Failed to load resource: the server responded with a status of 424 (Failed Dependency) @ https://t.adx.opera.com/pub/sync?pubid=pub10101531197440&gdpr=1&gdpr_consent=:0
[   12915ms] [ERROR] Failed to load resource: net::ERR_NAME_NOT_RESOLVED @ https://pixel.rubiconproject.com/tap.php?v=223352&nid=4584&put=mOriQHSyhXNjYZu1NqA1A9iGfF9Wf46ECCZseCiBJEU:0
[   13046ms] [ERROR] Failed to load resource: the server responded with a status of 424 (Failed Dependency) @ https://t.adx.opera.com/pub/sync?pubid=pub10101531197440&gdpr=1&gdpr_consent=:0
[   14086ms] [ERROR] Failed to load resource: the server responded with a status of 424 (Failed Dependency) @ https://t.adx.opera.com/pub/sync?pubid=pub10101531197440&gdpr=1&gdpr_consent=:0
[   14351ms] [ERROR] Failed to load resource: net::ERR_NAME_NOT_RESOLVED @ https://pixel.rubiconproject.com/tap.php?v=223352&nid=4584&put=mOriQHSyhXNjYZu1NqA1A9iGfF9Wf46ECCZseCiBJEU:0
[   14476ms] [ERROR] Failed to load resource: net::ERR_NAME_NOT_RESOLVED @ https://px.ads.linkedin.com/db_sync?pid=15927&puuid=Jj9VgGoKazUn%2BrqjdGUeRQ%3D%3D&us_privacy=&_rand=1779067701922.2:0
[   14481ms] [ERROR] Failed to load resource: net::ERR_NAME_NOT_RESOLVED @ https://px.ads.linkedin.com/db_sync?pid=15927&puuid=Jj9VgGoKazUn%2BrqjdGUeRQ%3D%3D&us_privacy=&_rand=1779067701834.2:0
[   12767ms] [ERROR] Failed to load resource: net::ERR_NAME_NOT_RESOLVED @ https://sync.adotmob.com/cookie/smart?r=https%3A%2F%2Frtb-csync.smartadserver.com%2Fredir%2F%3Fissi%3D1%26partnerid%3D66%26partneruserid%3D%7Bamob_user_id%7D:0
[   13762ms] [ERROR] Failed to load resource: net::ERR_NAME_NOT_RESOLVED @ https://s.company-target.com/s/eqx?sspurl=https%3A%2F%2Frtb-csync.smartadserver.com%2Fredir%2F%3Fissi%3D1%26partnerid%3D152%26partneruserid%3DPARTNER_USER_ID:0
[   11294ms] [ERROR] Failed to load resource: net::ERR_NAME_NOT_RESOLVED @ https://pixel.rubiconproject.com/tap.php?v=223352&nid=4584&put=mOriQHSyhXNjYZu1NqA1A9iGfF9Wf46ECCZseCiBJEU:0
[   11696ms] [ERROR] Failed to load resource: net::ERR_NAME_NOT_RESOLVED @ https://pixel.rubiconproject.com/tap.php?v=223352&nid=4584&put=mOriQHSyhXNjYZu1NqA1A9iGfF9Wf46ECCZseCiBJEU:0
[   12723ms] [ERROR] Failed to load resource: the server responded with a status of 424 (Failed Dependency) @ https://t.adx.opera.com/pub/sync?pubid=pub10101531197440&gdpr=1&gdpr_consent=:0
[   12915ms] [ERROR] Failed to load resource: net::ERR_NAME_NOT_RESOLVED @ https://pixel.rubiconproject.com/tap.php?v=223352&nid=4584&put=mOriQHSyhXNjYZu1NqA1A9iGfF9Wf46ECCZseCiBJEU:0
[   13046ms] [ERROR] Failed to load resource: the server responded with a status of 424 (Failed Dependency) @ https://t.adx.opera.com/pub/sync?pubid=pub10101531197440&gdpr=1&gdpr_consent=:0
[   14086ms] [ERROR] Failed to load resource: the server responded with a status of 424 (Failed Dependency) @ https://t.adx.opera.com/pub/sync?pubid=pub10101531197440&gdpr=1&gdpr_consent=:0
[   14351ms] [ERROR] Failed to load resource: net::ERR_NAME_NOT_RESOLVED @ https://pixel.rubiconproject.com/tap.php?v=223352&nid=4584&put=mOriQHSyhXNjYZu1NqA1A9iGfF9Wf46ECCZseCiBJEU:0
[   14878ms] [ERROR] Failed to load resource: net::ERR_NAME_NOT_RESOLVED @ https://pixel.tapad.com/idsync/ex/receive?partner_id=1388&partner_device_id=Jj9VgGoKazUn%2BrqjdGUeRQ%3D%3D&us_privacy=&random=1779067701922.3&redirect=https%3A%2F%2Fthinkcxad.azurewebsites.net%2Fapi%2Fpixel%3Fid%3D%24%7BTA_DEVICE_ID%7D%26partner%3DTAPAD:0
[   12915ms] [ERROR] Failed to load resource: net::ERR_NAME_NOT_RESOLVED @ https://pixel.rubiconproject.com/token?pid=52948:0
[   12915ms] [ERROR] Failed to load resource: net::ERR_NAME_NOT_RESOLVED @ https://pixel.rubiconproject.com/exchange/sync.php?p=a9us:0
[   13262ms] [ERROR] Failed to load resource: net::ERR_NAME_NOT_RESOLVED @ https://pixel.rubiconproject.com/exchange/sync.php?p=pbs-apn:0
[   13262ms] [ERROR] Failed to load resource: net::ERR_NAME_NOT_RESOLVED @ https://pixel.rubiconproject.com/tap.php?v=8981&nid=2307&put=4fde19af-6af6-47b7-9250-0f861c66b597&gdpr=0&gdpr_consent=&expires=30:0
[   13262ms] [ERROR] Failed to load resource: net::ERR_NAME_NOT_RESOLVED @ https://pixel.rubiconproject.com/tap.php?v=7751&nid=2249&expires=30&put=CAESEFp_4baQm7249gSHgmVDPfw&google_cver=1:0
[   13263ms] [ERROR] Failed to load resource: net::ERR_NAME_NOT_RESOLVED @ https://pixel.rubiconproject.com/tap.php?v=31950&nid=2974&put=y-4DZ5_ztE2oIN4tq91rZawYXaOqTZSUIF2Bp.jg--~A:0
[   13263ms] [ERROR] Failed to load resource: net::ERR_NAME_NOT_RESOLVED @ https://pixel.rubiconproject.com/exchange/sync.php?p=19564:0
[   13358ms] [ERROR] Failed to load resource: net::ERR_NAME_NOT_RESOLVED @ https://pixel.rubiconproject.com/exchange/sync.php?p=dfp&google_gid=CAESEIUUtMfL_lKUNC8SXtWWxHc&google_cver=1:0
[   13358ms] [ERROR] Failed to load resource: net::ERR_NAME_NOT_RESOLVED @ https://pixel.rubiconproject.com/exchange/sync.php?p=pbs-adaptmx:0
[   13358ms] [ERROR] Failed to load resource: net::ERR_NAME_NOT_RESOLVED @ https://pixel.rubiconproject.com/exchange/sync.php?p=pbs-yahoo-exchange:0
[   13362ms] [ERROR] Failed to load resource: net::ERR_NAME_NOT_RESOLVED @ https://px.ads.linkedin.com/setuid?partner=rubiconDb&dbredirect=true&ruxId=MPAIZ3CM-15-KS08:0
[   14352ms] [ERROR] Failed to load resource: net::ERR_NAME_NOT_RESOLVED @ https://pixel.rubiconproject.com/tap.php?v=183462&nid=4114&put=AAfA9U7UFNYAAADEqxIEbA&expires=30:0
[   14889ms] [ERROR] Failed to load resource: net::ERR_NAME_NOT_RESOLVED @ https://pixel.tapad.com/idsync/ex/receive?partner_id=3371&partner_device_id=67D23431-16D6-478D-B3D0-FAEDF4462BCE:0
[   14889ms] [ERROR] Failed to load resource: net::ERR_NAME_NOT_RESOLVED @ https://pixel.tapad.com/idsync/ex/receive?partner_id=3371&partner_device_id=67D23431-16D6-478D-B3D0-FAEDF4462BCE:0
[   12915ms] [ERROR] Failed to load resource: net::ERR_NAME_NOT_RESOLVED @ https://pixel.rubiconproject.com/token?pid=52948:0
[   12915ms] [ERROR] Failed to load resource: net::ERR_NAME_NOT_RESOLVED @ https://pixel.rubiconproject.com/exchange/sync.php?p=a9us:0
[   13262ms] [ERROR] Failed to load resource: net::ERR_NAME_NOT_RESOLVED @ https://pixel.rubiconproject.com/exchange/sync.php?p=pbs-apn:0
[   13262ms] [ERROR] Failed to load resource: net::ERR_NAME_NOT_RESOLVED @ https://pixel.rubiconproject.com/tap.php?v=8981&nid=2307&put=4fde19af-6af6-47b7-9250-0f861c66b597&gdpr=0&gdpr_consent=&expires=30:0
[   13262ms] [ERROR] Failed to load resource: net::ERR_NAME_NOT_RESOLVED @ https://pixel.rubiconproject.com/tap.php?v=7751&nid=2249&expires=30&put=CAESEFp_4baQm7249gSHgmVDPfw&google_cver=1:0
[   13263ms] [ERROR] Failed to load resource: net::ERR_NAME_NOT_RESOLVED @ https://pixel.rubiconproject.com/tap.php?v=31950&nid=2974&put=y-4DZ5_ztE2oIN4tq91rZawYXaOqTZSUIF2Bp.jg--~A:0
[   13263ms] [ERROR] Failed to load resource: net::ERR_NAME_NOT_RESOLVED @ https://pixel.rubiconproject.com/exchange/sync.php?p=19564:0
[   13358ms] [ERROR] Failed to load resource: net::ERR_NAME_NOT_RESOLVED @ https://pixel.rubiconproject.com/exchange/sync.php?p=dfp&google_gid=CAESEIUUtMfL_lKUNC8SXtWWxHc&google_cver=1:0
[   13358ms] [ERROR] Failed to load resource: net::ERR_NAME_NOT_RESOLVED @ https://pixel.rubiconproject.com/exchange/sync.php?p=pbs-adaptmx:0
[   13358ms] [ERROR] Failed to load resource: net::ERR_NAME_NOT_RESOLVED @ https://pixel.rubiconproject.com/exchange/sync.php?p=pbs-yahoo-exchange:0
[   13362ms] [ERROR] Failed to load resource: net::ERR_NAME_NOT_RESOLVED @ https://px.ads.linkedin.com/setuid?partner=rubiconDb&dbredirect=true&ruxId=MPAIZ3CM-15-KS08:0
[   14352ms] [ERROR] Failed to load resource: net::ERR_NAME_NOT_RESOLVED @ https://pixel.rubiconproject.com/tap.php?v=183462&nid=4114&put=AAfA9U7UFNYAAADEqxIEbA&expires=30:0
[   15722ms] [ERROR] Failed to load resource: net::ERR_HTTP2_SERVER_REFUSED_STREAM @ https://cs.admanmedia.com/e09bad714a425a93d6dea503dcf9c528.gif?redir=https%3A%2F%2Frtb-csync.smartadserver.com%2Fredir%2F%3Fissi%3D1%26partnerid%3D130%26partneruserid%3D%5BUID%5D%26gdpr%3D%5BGDPR%5D%26gdpr_consent%3D%5BGDPR_CONSENT%5D:0
[   15723ms] [ERROR] Failed to load resource: net::ERR_HTTP2_SERVER_REFUSED_STREAM @ https://cs.admanmedia.com/73c1e1bfc3bde354d60b80e601ae3914.gif?puid=[UID]&redir=https%3A%2F%2Fonetag-sys.com%2Fmatch%2F%3Fint_id%3D164%26gdpr%3D0%26gdpr_consent%3D%26uid%3D%5BUID%5D&gdpr=0&gdpr_consent=&ccpa=1YN-&coppa=:0
[   12767ms] [ERROR] Failed to load resource: net::ERR_NAME_NOT_RESOLVED @ https://sync.adotmob.com/cookie/smart?r=https%3A%2F%2Frtb-csync.smartadserver.com%2Fredir%2F%3Fissi%3D1%26partnerid%3D66%26partneruserid%3D%7Bamob_user_id%7D:0
[   13762ms] [ERROR] Failed to load resource: net::ERR_NAME_NOT_RESOLVED @ https://s.company-target.com/s/eqx?sspurl=https%3A%2F%2Frtb-csync.smartadserver.com%2Fredir%2F%3Fissi%3D1%26partnerid%3D152%26partneruserid%3DPARTNER_USER_ID:0
[   15722ms] [ERROR] Failed to load resource: net::ERR_HTTP2_SERVER_REFUSED_STREAM @ https://cs.admanmedia.com/e09bad714a425a93d6dea503dcf9c528.gif?redir=https%3A%2F%2Frtb-csync.smartadserver.com%2Fredir%2F%3Fissi%3D1%26partnerid%3D130%26partneruserid%3D%5BUID%5D%26gdpr%3D%5BGDPR%5D%26gdpr_consent%3D%5BGDPR_CONSENT%5D:0
[   14889ms] [ERROR] Failed to load resource: net::ERR_NAME_NOT_RESOLVED @ https://pixel.tapad.com/idsync/ex/receive?partner_id=3371&partner_device_id=67D23431-16D6-478D-B3D0-FAEDF4462BCE:0
[   16190ms] [ERROR] Failed to load resource: the server responded with a status of 503 () @ https://sync.inmobi.com/setuid?bidderID=32&dspUserId=8170537030556458571:0
[   14889ms] [ERROR] Failed to load resource: net::ERR_NAME_NOT_RESOLVED @ https://pixel.tapad.com/idsync/ex/receive?partner_id=3371&partner_device_id=67D23431-16D6-478D-B3D0-FAEDF4462BCE:0
[   16196ms] [ERROR] Failed to load resource: the server responded with a status of 400 () @ https://ssum-sec.casalemedia.com/usermatch?s=194558&cb=https%3A%2F%2Fu-ams.4dex.io%2Fsetuid%3Fbidder%3Dindexexchange%26it%3Dortb%26uid%3D:0
[   16212ms] [ERROR] Failed to load resource: net::ERR_NAME_NOT_RESOLVED @ https://px.ads.linkedin.com/db_sync?pid=15927&puuid=Jj9VgGoKazUn%2BrqjdGUeRQ%3D%3D&us_privacy=&_rand=1779067701922.2:0
[   16366ms] [ERROR] Failed to load resource: net::ERR_NAME_NOT_RESOLVED @ https://pixel.rubiconproject.com/tap.php?v=223352&nid=4584&put=mOriQHSyhXNjYZu1NqA1A9iGfF9Wf46ECCZseCiBJEU:0
[   16366ms] [ERROR] Failed to load resource: net::ERR_NAME_NOT_RESOLVED @ https://pixel.rubiconproject.com/exchange/sync.php?p=ogury&gdpr_consent=&khaos=MPAIZ3CM-15-KS08:0
[   16417ms] [ERROR] Failed to load resource: net::ERR_NAME_NOT_RESOLVED @ https://cs.iqzone.com/1092f8787f1b733028860f25be048027.gif?puid=f2a5d6d7-d7b5-4392-9834-f5f6b482c306&redir=https%3A%2F%2Fms-cookie-sync.presage.io%2Fuser-sync%3Fiqzone_id%3D%5BUID%5D%26gdpr%3D0%26gdpr_consent%3D&gdpr=0&gdpr_consent=:0
[   16417ms] [ERROR] Failed to load resource: net::ERR_NAME_NOT_RESOLVED @ https://cs.iqzone.com/1092f8787f1b733028860f25be048027.gif?puid=86336450-59a1-434e-93b2-82bee970d250&redir=https%3A%2F%2Fms-cookie-sync.presage.io%2Fuser-sync%3Fiqzone_id%3D%5BUID%5D%26gdpr%3D0%26gdpr_consent%3D&gdpr=0&gdpr_consent=:0
[   16417ms] [ERROR] Failed to load resource: net::ERR_NAME_NOT_RESOLVED @ https://cs.iqzone.com/1092f8787f1b733028860f25be048027.gif?puid=f2a5d6d7-d7b5-4392-9834-f5f6b482c306&redir=https%3A%2F%2Fms-cookie-sync.presage.io%2Fuser-sync%3Fiqzone_id%3D%5BUID%5D%26gdpr%3D0%26gdpr_consent%3D&gdpr=0&gdpr_consent=:0
[   16417ms] [ERROR] Failed to load resource: net::ERR_NAME_NOT_RESOLVED @ https://cs.iqzone.com/1092f8787f1b733028860f25be048027.gif?puid=86336450-59a1-434e-93b2-82bee970d250&redir=https%3A%2F%2Fms-cookie-sync.presage.io%2Fuser-sync%3Fiqzone_id%3D%5BUID%5D%26gdpr%3D0%26gdpr_consent%3D&gdpr=0&gdpr_consent=:0
[   16547ms] [ERROR] Failed to load resource: the server responded with a status of 422 () @ https://match.sharethrough.com/FGMrCMMc/v1?redirectUri=https%3A%2F%2Fsync.sparteo.com%2Fsetuid%3Fpslabel%3Dnull%26bidder%3Dsharethrough%26gdpr%3D0%26gdpr_consent%3D%26us_privacy%3D%26gpp%3D%26gpp_sid%3D%26f%3Di%26uid%3D%24UID&gdpr=0&gdpr_consent=&us_privacy=:0
[   11294ms] [ERROR] Failed to load resource: net::ERR_NAME_NOT_RESOLVED @ https://pixel.rubiconproject.com/tap.php?v=223352&nid=4584&put=mOriQHSyhXNjYZu1NqA1A9iGfF9Wf46ECCZseCiBJEU:0
[   11696ms] [ERROR] Failed to load resource: net::ERR_NAME_NOT_RESOLVED @ https://pixel.rubiconproject.com/tap.php?v=223352&nid=4584&put=mOriQHSyhXNjYZu1NqA1A9iGfF9Wf46ECCZseCiBJEU:0
[   12723ms] [ERROR] Failed to load resource: the server responded with a status of 424 (Failed Dependency) @ https://t.adx.opera.com/pub/sync?pubid=pub10101531197440&gdpr=1&gdpr_consent=:0
[   12915ms] [ERROR] Failed to load resource: net::ERR_NAME_NOT_RESOLVED @ https://pixel.rubiconproject.com/tap.php?v=223352&nid=4584&put=mOriQHSyhXNjYZu1NqA1A9iGfF9Wf46ECCZseCiBJEU:0
[   13046ms] [ERROR] Failed to load resource: the server responded with a status of 424 (Failed Dependency) @ https://t.adx.opera.com/pub/sync?pubid=pub10101531197440&gdpr=1&gdpr_consent=:0
[   14086ms] [ERROR] Failed to load resource: the server responded with a status of 424 (Failed Dependency) @ https://t.adx.opera.com/pub/sync?pubid=pub10101531197440&gdpr=1&gdpr_consent=:0
[   14351ms] [ERROR] Failed to load resource: net::ERR_NAME_NOT_RESOLVED @ https://pixel.rubiconproject.com/tap.php?v=223352&nid=4584&put=mOriQHSyhXNjYZu1NqA1A9iGfF9Wf46ECCZseCiBJEU:0
[   15723ms] [ERROR] Failed to load resource: net::ERR_HTTP2_SERVER_REFUSED_STREAM @ https://cs.admanmedia.com/73c1e1bfc3bde354d60b80e601ae3914.gif?puid=[UID]&redir=https%3A%2F%2Fonetag-sys.com%2Fmatch%2F%3Fint_id%3D164%26gdpr%3D0%26gdpr_consent%3D%26uid%3D%5BUID%5D&gdpr=0&gdpr_consent=&ccpa=1YN-&coppa=:0
[   16366ms] [ERROR] Failed to load resource: net::ERR_NAME_NOT_RESOLVED @ https://pixel.rubiconproject.com/tap.php?v=223352&nid=4584&put=mOriQHSyhXNjYZu1NqA1A9iGfF9Wf46ECCZseCiBJEU:0
[   12915ms] [ERROR] Failed to load resource: net::ERR_NAME_NOT_RESOLVED @ https://pixel.rubiconproject.com/token?pid=52948:0
[   12915ms] [ERROR] Failed to load resource: net::ERR_NAME_NOT_RESOLVED @ https://pixel.rubiconproject.com/exchange/sync.php?p=a9us:0
[   13262ms] [ERROR] Failed to load resource: net::ERR_NAME_NOT_RESOLVED @ https://pixel.rubiconproject.com/exchange/sync.php?p=pbs-apn:0
[   13262ms] [ERROR] Failed to load resource: net::ERR_NAME_NOT_RESOLVED @ https://pixel.rubiconproject.com/tap.php?v=8981&nid=2307&put=4fde19af-6af6-47b7-9250-0f861c66b597&gdpr=0&gdpr_consent=&expires=30:0
[   13262ms] [ERROR] Failed to load resource: net::ERR_NAME_NOT_RESOLVED @ https://pixel.rubiconproject.com/tap.php?v=7751&nid=2249&expires=30&put=CAESEFp_4baQm7249gSHgmVDPfw&google_cver=1:0
[   13263ms] [ERROR] Failed to load resource: net::ERR_NAME_NOT_RESOLVED @ https://pixel.rubiconproject.com/tap.php?v=31950&nid=2974&put=y-4DZ5_ztE2oIN4tq91rZawYXaOqTZSUIF2Bp.jg--~A:0
[   13263ms] [ERROR] Failed to load resource: net::ERR_NAME_NOT_RESOLVED @ https://pixel.rubiconproject.com/exchange/sync.php?p=19564:0
[   13358ms] [ERROR] Failed to load resource: net::ERR_NAME_NOT_RESOLVED @ https://pixel.rubiconproject.com/exchange/sync.php?p=dfp&google_gid=CAESEIUUtMfL_lKUNC8SXtWWxHc&google_cver=1:0
[   13358ms] [ERROR] Failed to load resource: net::ERR_NAME_NOT_RESOLVED @ https://pixel.rubiconproject.com/exchange/sync.php?p=pbs-adaptmx:0
[   13358ms] [ERROR] Failed to load resource: net::ERR_NAME_NOT_RESOLVED @ https://pixel.rubiconproject.com/exchange/sync.php?p=pbs-yahoo-exchange:0
[   13362ms] [ERROR] Failed to load resource: net::ERR_NAME_NOT_RESOLVED @ https://px.ads.linkedin.com/setuid?partner=rubiconDb&dbredirect=true&ruxId=MPAIZ3CM-15-KS08:0
[   14352ms] [ERROR] Failed to load resource: net::ERR_NAME_NOT_RESOLVED @ https://pixel.rubiconproject.com/tap.php?v=183462&nid=4114&put=AAfA9U7UFNYAAADEqxIEbA&expires=30:0
[   16366ms] [ERROR] Failed to load resource: net::ERR_NAME_NOT_RESOLVED @ https://pixel.rubiconproject.com/exchange/sync.php?p=ogury&gdpr_consent=&khaos=MPAIZ3CM-15-KS08:0
[   13000ms] [ERROR] Failed to load resource: net::ERR_NAME_NOT_RESOLVED @ https://dps.jp.cinarra.com/pxd?PLATFORM_ID=1&USER_ID=cf753ffd-5d82-8789-f471-f1d6bf256417:0
[   13014ms] [ERROR] Failed to load resource: net::ERR_CONNECTION_REFUSED @ https://cs.nex8.net/cs/openx:0
[   13477ms] [ERROR] Failed to load resource: net::ERR_NAME_NOT_RESOLVED @ https://match.rundsp.com/redirect?ex=openx:0
[   13478ms] [ERROR] Failed to load resource: net::ERR_NAME_NOT_RESOLVED @ https://i.w55c.net/ping_match.gif?ei=OPENX&rurl=https%3A%2F%2Fus-u.openx.net%2Fw%2F1.0%2Fsd%3Fid%3D537072979%26val%3D_wfivefivec_:0
[   16417ms] [ERROR] Failed to load resource: net::ERR_NAME_NOT_RESOLVED @ https://cs.iqzone.com/1092f8787f1b733028860f25be048027.gif?puid=f2a5d6d7-d7b5-4392-9834-f5f6b482c306&redir=https%3A%2F%2Fms-cookie-sync.presage.io%2Fuser-sync%3Fiqzone_id%3D%5BUID%5D%26gdpr%3D0%26gdpr_consent%3D&gdpr=0&gdpr_consent=:0
[   16417ms] [ERROR] Failed to load resource: net::ERR_NAME_NOT_RESOLVED @ https://cs.iqzone.com/1092f8787f1b733028860f25be048027.gif?puid=86336450-59a1-434e-93b2-82bee970d250&redir=https%3A%2F%2Fms-cookie-sync.presage.io%2Fuser-sync%3Fiqzone_id%3D%5BUID%5D%26gdpr%3D0%26gdpr_consent%3D&gdpr=0&gdpr_consent=:0
[   16749ms] [ERROR] Failed to load resource: the server responded with a status of 422 () @ https://match.sharethrough.com/FGMrCMMc/v1?redirectUri=https%3A%2F%2Fsync.sparteo.com%2Fsetuid%3Fpslabel%3Dnull%26bidder%3Dsharethrough%26gdpr%3D0%26gdpr_consent%3D%26us_privacy%3D%26gpp%3D%26gpp_sid%3D%26f%3Di%26uid%3D%24UID&gdpr=0&gdpr_consent=&us_privacy=:0
[   11294ms] [ERROR] Failed to load resource: net::ERR_NAME_NOT_RESOLVED @ https://pixel.rubiconproject.com/tap.php?v=223352&nid=4584&put=mOriQHSyhXNjYZu1NqA1A9iGfF9Wf46ECCZseCiBJEU:0
[   11696ms] [ERROR] Failed to load resource: net::ERR_NAME_NOT_RESOLVED @ https://pixel.rubiconproject.com/tap.php?v=223352&nid=4584&put=mOriQHSyhXNjYZu1NqA1A9iGfF9Wf46ECCZseCiBJEU:0
[   12723ms] [ERROR] Failed to load resource: the server responded with a status of 424 (Failed Dependency) @ https://t.adx.opera.com/pub/sync?pubid=pub10101531197440&gdpr=1&gdpr_consent=:0
[   12915ms] [ERROR] Failed to load resource: net::ERR_NAME_NOT_RESOLVED @ https://pixel.rubiconproject.com/tap.php?v=223352&nid=4584&put=mOriQHSyhXNjYZu1NqA1A9iGfF9Wf46ECCZseCiBJEU:0
[   13046ms] [ERROR] Failed to load resource: the server responded with a status of 424 (Failed Dependency) @ https://t.adx.opera.com/pub/sync?pubid=pub10101531197440&gdpr=1&gdpr_consent=:0
[   14086ms] [ERROR] Failed to load resource: the server responded with a status of 424 (Failed Dependency) @ https://t.adx.opera.com/pub/sync?pubid=pub10101531197440&gdpr=1&gdpr_consent=:0
[   14351ms] [ERROR] Failed to load resource: net::ERR_NAME_NOT_RESOLVED @ https://pixel.rubiconproject.com/tap.php?v=223352&nid=4584&put=mOriQHSyhXNjYZu1NqA1A9iGfF9Wf46ECCZseCiBJEU:0
[   15723ms] [ERROR] Failed to load resource: net::ERR_HTTP2_SERVER_REFUSED_STREAM @ https://cs.admanmedia.com/73c1e1bfc3bde354d60b80e601ae3914.gif?puid=[UID]&redir=https%3A%2F%2Fonetag-sys.com%2Fmatch%2F%3Fint_id%3D164%26gdpr%3D0%26gdpr_consent%3D%26uid%3D%5BUID%5D&gdpr=0&gdpr_consent=&ccpa=1YN-&coppa=:0
[   16366ms] [ERROR] Failed to load resource: net::ERR_NAME_NOT_RESOLVED @ https://pixel.rubiconproject.com/tap.php?v=223352&nid=4584&put=mOriQHSyhXNjYZu1NqA1A9iGfF9Wf46ECCZseCiBJEU:0
[   12915ms] [ERROR] Failed to load resource: net::ERR_NAME_NOT_RESOLVED @ https://pixel.rubiconproject.com/token?pid=52948:0
[   12915ms] [ERROR] Failed to load resource: net::ERR_NAME_NOT_RESOLVED @ https://pixel.rubiconproject.com/exchange/sync.php?p=a9us:0
[   13262ms] [ERROR] Failed to load resource: net::ERR_NAME_NOT_RESOLVED @ https://pixel.rubiconproject.com/exchange/sync.php?p=pbs-apn:0
[   13262ms] [ERROR] Failed to load resource: net::ERR_NAME_NOT_RESOLVED @ https://pixel.rubiconproject.com/tap.php?v=8981&nid=2307&put=4fde19af-6af6-47b7-9250-0f861c66b597&gdpr=0&gdpr_consent=&expires=30:0
[   13262ms] [ERROR] Failed to load resource: net::ERR_NAME_NOT_RESOLVED @ https://pixel.rubiconproject.com/tap.php?v=7751&nid=2249&expires=30&put=CAESEFp_4baQm7249gSHgmVDPfw&google_cver=1:0
[   13263ms] [ERROR] Failed to load resource: net::ERR_NAME_NOT_RESOLVED @ https://pixel.rubiconproject.com/tap.php?v=31950&nid=2974&put=y-4DZ5_ztE2oIN4tq91rZawYXaOqTZSUIF2Bp.jg--~A:0
[   13263ms] [ERROR] Failed to load resource: net::ERR_NAME_NOT_RESOLVED @ https://pixel.rubiconproject.com/exchange/sync.php?p=19564:0
[   13358ms] [ERROR] Failed to load resource: net::ERR_NAME_NOT_RESOLVED @ https://pixel.rubiconproject.com/exchange/sync.php?p=dfp&google_gid=CAESEIUUtMfL_lKUNC8SXtWWxHc&google_cver=1:0
[   13358ms] [ERROR] Failed to load resource: net::ERR_NAME_NOT_RESOLVED @ https://pixel.rubiconproject.com/exchange/sync.php?p=pbs-adaptmx:0
[   13358ms] [ERROR] Failed to load resource: net::ERR_NAME_NOT_RESOLVED @ https://pixel.rubiconproject.com/exchange/sync.php?p=pbs-yahoo-exchange:0
[   13362ms] [ERROR] Failed to load resource: net::ERR_NAME_NOT_RESOLVED @ https://px.ads.linkedin.com/setuid?partner=rubiconDb&dbredirect=true&ruxId=MPAIZ3CM-15-KS08:0
[   14352ms] [ERROR] Failed to load resource: net::ERR_NAME_NOT_RESOLVED @ https://pixel.rubiconproject.com/tap.php?v=183462&nid=4114&put=AAfA9U7UFNYAAADEqxIEbA&expires=30:0
[   16366ms] [ERROR] Failed to load resource: net::ERR_NAME_NOT_RESOLVED @ https://pixel.rubiconproject.com/exchange/sync.php?p=ogury&gdpr_consent=&khaos=MPAIZ3CM-15-KS08:0
[   14889ms] [ERROR] Failed to load resource: net::ERR_NAME_NOT_RESOLVED @ https://pixel.tapad.com/idsync/ex/receive?partner_id=3371&partner_device_id=67D23431-16D6-478D-B3D0-FAEDF4462BCE:0
[   14348ms] [ERROR] Failed to load resource: net::ERR_NAME_NOT_RESOLVED @ https://pixel.tapad.com/idsync/ex/receive?partner_id=3535&partner_device_id=ID5-5-50586368-d49a-45cf-b635-d3c968d5d097&partner_url=https%3A%2F%2Fsync.inmobi.com%2Fsetuid%3FbidderID%3D877%26dspUserId%3D%24%7BTA_DEVICE_ID%7D:0
[   14351ms] [ERROR] Failed to load resource: net::ERR_NAME_NOT_RESOLVED @ https://us.ck-ie.com/inmslw82.gif?gdpr=0&gdpr_consent=&redir=https%3A%2F%2Fsync.inmobi.com%2Fsetuid%3FbidderID%3DID5-893%26dspUserId%3D%7B%24PARTNER_UID%7D:0
[   16190ms] [ERROR] Failed to load resource: the server responded with a status of 503 () @ https://sync.inmobi.com/setuid?bidderID=32&dspUserId=8170537030556458571:0
[   16797ms] [ERROR] Failed to load resource: net::ERR_NAME_NOT_RESOLVED @ https://pixel.tapad.com/idsync/ex/receive?partner_id=3371&partner_device_id=67D23431-16D6-478D-B3D0-FAEDF4462BCE:0
[   11295ms] [ERROR] Failed to load resource: net::ERR_NAME_NOT_RESOLVED @ https://pixel.rubiconproject.com/exchange/sync.php?p=pbs-adaptmx&us_privacy=1---:0
[   13262ms] [ERROR] Failed to load resource: net::ERR_NAME_NOT_RESOLVED @ https://pixel.rubiconproject.com/exchange/sync.php?p=pbs-adaptmx&:0
[   13358ms] [ERROR] Failed to load resource: net::ERR_NAME_NOT_RESOLVED @ https://pixel.rubiconproject.com/exchange/sync.php?p=pbs-adaptmx&:0
[   13712ms] [ERROR] Failed to load resource: net::ERR_NAME_NOT_RESOLVED @ https://pixel.rubiconproject.com/exchange/sync.php?p=pbs-adaptmx&:0
[   16900ms] [ERROR] Failed to load resource: the server responded with a status of 404 (Not Found) @ https://b1sync.zemanta.com/usersync/ogury/?gdpr=0&gdpr_consent=&cb=https%3A%2F%2Fms-cookie-sync.presage.io%2Fuser-sync%3Foutbrain_id%3D__ZUID__:0
[   16417ms] [ERROR] Failed to load resource: net::ERR_NAME_NOT_RESOLVED @ https://cs.iqzone.com/1092f8787f1b733028860f25be048027.gif?puid=f2a5d6d7-d7b5-4392-9834-f5f6b482c306&redir=https%3A%2F%2Fms-cookie-sync.presage.io%2Fuser-sync%3Fiqzone_id%3D%5BUID%5D%26gdpr%3D0%26gdpr_consent%3D&gdpr=0&gdpr_consent=:0
[   16417ms] [ERROR] Failed to load resource: net::ERR_NAME_NOT_RESOLVED @ https://cs.iqzone.com/1092f8787f1b733028860f25be048027.gif?puid=86336450-59a1-434e-93b2-82bee970d250&redir=https%3A%2F%2Fms-cookie-sync.presage.io%2Fuser-sync%3Fiqzone_id%3D%5BUID%5D%26gdpr%3D0%26gdpr_consent%3D&gdpr=0&gdpr_consent=:0
[   16900ms] [ERROR] Failed to load resource: the server responded with a status of 404 (Not Found) @ https://b1sync.zemanta.com/usersync/ogury/?gdpr=0&gdpr_consent=&cb=https%3A%2F%2Fms-cookie-sync.presage.io%2Fuser-sync%3Foutbrain_id%3D__ZUID__:0
[   13000ms] [ERROR] Failed to load resource: net::ERR_NAME_NOT_RESOLVED @ https://dps.jp.cinarra.com/pxd?PLATFORM_ID=1&USER_ID=cf753ffd-5d82-8789-f471-f1d6bf256417:0
[   13014ms] [ERROR] Failed to load resource: net::ERR_CONNECTION_REFUSED @ https://cs.nex8.net/cs/openx:0
[   13477ms] [ERROR] Failed to load resource: net::ERR_NAME_NOT_RESOLVED @ https://match.rundsp.com/redirect?ex=openx:0
[   13478ms] [ERROR] Failed to load resource: net::ERR_NAME_NOT_RESOLVED @ https://i.w55c.net/ping_match.gif?ei=OPENX&rurl=https%3A%2F%2Fus-u.openx.net%2Fw%2F1.0%2Fsd%3Fid%3D537072979%26val%3D_wfivefivec_:0
[   11294ms] [ERROR] Failed to load resource: net::ERR_NAME_NOT_RESOLVED @ https://pixel.rubiconproject.com/tap.php?v=223352&nid=4584&put=mOriQHSyhXNjYZu1NqA1A9iGfF9Wf46ECCZseCiBJEU:0
[   11696ms] [ERROR] Failed to load resource: net::ERR_NAME_NOT_RESOLVED @ https://pixel.rubiconproject.com/tap.php?v=223352&nid=4584&put=mOriQHSyhXNjYZu1NqA1A9iGfF9Wf46ECCZseCiBJEU:0
[   12723ms] [ERROR] Failed to load resource: the server responded with a status of 424 (Failed Dependency) @ https://t.adx.opera.com/pub/sync?pubid=pub10101531197440&gdpr=1&gdpr_consent=:0
[   12915ms] [ERROR] Failed to load resource: net::ERR_NAME_NOT_RESOLVED @ https://pixel.rubiconproject.com/tap.php?v=223352&nid=4584&put=mOriQHSyhXNjYZu1NqA1A9iGfF9Wf46ECCZseCiBJEU:0
[   13046ms] [ERROR] Failed to load resource: the server responded with a status of 424 (Failed Dependency) @ https://t.adx.opera.com/pub/sync?pubid=pub10101531197440&gdpr=1&gdpr_consent=:0
[   14086ms] [ERROR] Failed to load resource: the server responded with a status of 424 (Failed Dependency) @ https://t.adx.opera.com/pub/sync?pubid=pub10101531197440&gdpr=1&gdpr_consent=:0
[   14351ms] [ERROR] Failed to load resource: net::ERR_NAME_NOT_RESOLVED @ https://pixel.rubiconproject.com/tap.php?v=223352&nid=4584&put=mOriQHSyhXNjYZu1NqA1A9iGfF9Wf46ECCZseCiBJEU:0
[   15723ms] [ERROR] Failed to load resource: net::ERR_HTTP2_SERVER_REFUSED_STREAM @ https://cs.admanmedia.com/73c1e1bfc3bde354d60b80e601ae3914.gif?puid=[UID]&redir=https%3A%2F%2Fonetag-sys.com%2Fmatch%2F%3Fint_id%3D164%26gdpr%3D0%26gdpr_consent%3D%26uid%3D%5BUID%5D&gdpr=0&gdpr_consent=&ccpa=1YN-&coppa=:0
[   16366ms] [ERROR] Failed to load resource: net::ERR_NAME_NOT_RESOLVED @ https://pixel.rubiconproject.com/tap.php?v=223352&nid=4584&put=mOriQHSyhXNjYZu1NqA1A9iGfF9Wf46ECCZseCiBJEU:0
[   16952ms] [ERROR] Failed to load resource: the server responded with a status of 503 () @ https://sync.inmobi.com/setuid?bidderID=957&dspUserId=ce6aa632-97eb-4003-97ce-d788351ff5b3:0
[   17022ms] [ERROR] Failed to load resource: net::ERR_NAME_NOT_RESOLVED @ https://j.mrpdata.net/c.html?ex=OpenX:0
[   16417ms] [ERROR] Failed to load resource: net::ERR_NAME_NOT_RESOLVED @ https://cs.iqzone.com/1092f8787f1b733028860f25be048027.gif?puid=f2a5d6d7-d7b5-4392-9834-f5f6b482c306&redir=https%3A%2F%2Fms-cookie-sync.presage.io%2Fuser-sync%3Fiqzone_id%3D%5BUID%5D%26gdpr%3D0%26gdpr_consent%3D&gdpr=0&gdpr_consent=:0
[   16417ms] [ERROR] Failed to load resource: net::ERR_NAME_NOT_RESOLVED @ https://cs.iqzone.com/1092f8787f1b733028860f25be048027.gif?puid=86336450-59a1-434e-93b2-82bee970d250&redir=https%3A%2F%2Fms-cookie-sync.presage.io%2Fuser-sync%3Fiqzone_id%3D%5BUID%5D%26gdpr%3D0%26gdpr_consent%3D&gdpr=0&gdpr_consent=:0
[   16900ms] [ERROR] Failed to load resource: the server responded with a status of 404 (Not Found) @ https://b1sync.zemanta.com/usersync/ogury/?gdpr=0&gdpr_consent=&cb=https%3A%2F%2Fms-cookie-sync.presage.io%2Fuser-sync%3Foutbrain_id%3D__ZUID__:0
[   14348ms] [ERROR] Failed to load resource: net::ERR_NAME_NOT_RESOLVED @ https://pixel.tapad.com/idsync/ex/receive?partner_id=3535&partner_device_id=ID5-5-50586368-d49a-45cf-b635-d3c968d5d097&partner_url=https%3A%2F%2Fsync.inmobi.com%2Fsetuid%3FbidderID%3D877%26dspUserId%3D%24%7BTA_DEVICE_ID%7D:0
[   14351ms] [ERROR] Failed to load resource: net::ERR_NAME_NOT_RESOLVED @ https://us.ck-ie.com/inmslw82.gif?gdpr=0&gdpr_consent=&redir=https%3A%2F%2Fsync.inmobi.com%2Fsetuid%3FbidderID%3DID5-893%26dspUserId%3D%7B%24PARTNER_UID%7D:0
[   16190ms] [ERROR] Failed to load resource: the server responded with a status of 503 () @ https://sync.inmobi.com/setuid?bidderID=32&dspUserId=8170537030556458571:0
[   16952ms] [ERROR] Failed to load resource: the server responded with a status of 503 () @ https://sync.inmobi.com/setuid?bidderID=957&dspUserId=ce6aa632-97eb-4003-97ce-d788351ff5b3:0
[   17094ms] [ERROR] Failed to load resource: net::ERR_HTTP2_SERVER_REFUSED_STREAM @ https://cs.admanmedia.com/e03deca3316b700a1ce99c41e324fd03.gif?puid=ID5-5-50586368-d49a-45cf-b635-d3c968d5d097&redir=https%3A%2F%2Fsync.inmobi.com%2Fsetuid%3FbidderID%3D149%26dspUserId%3D%5BUID%5D&gdpr=0&gdpr_consent=:0
[   17094ms] [ERROR] Failed to load resource: net::ERR_HTTP2_SERVER_REFUSED_STREAM @ https://cs.admanmedia.com/73c1e1bfc3bde354d60b80e601ae3914.gif?puid=[UID]&redir=https%3A%2F%2Fonetag-sys.com%2Fmatch%2F%3Fint_id%3D164%26gdpr%3D1%26gdpr_consent%3D%26uid%3D%5BUID%5D&gdpr=1&gdpr_consent=&ccpa=&coppa=:0
[   11295ms] [ERROR] Failed to load resource: net::ERR_NAME_NOT_RESOLVED @ https://pixel.rubiconproject.com/exchange/sync.php?p=pbs-adaptmx&us_privacy=1---:0
[   13262ms] [ERROR] Failed to load resource: net::ERR_NAME_NOT_RESOLVED @ https://pixel.rubiconproject.com/exchange/sync.php?p=pbs-adaptmx&:0
[   13358ms] [ERROR] Failed to load resource: net::ERR_NAME_NOT_RESOLVED @ https://pixel.rubiconproject.com/exchange/sync.php?p=pbs-adaptmx&:0
[   13712ms] [ERROR] Failed to load resource: net::ERR_NAME_NOT_RESOLVED @ https://pixel.rubiconproject.com/exchange/sync.php?p=pbs-adaptmx&:0
[   17252ms] [ERROR] Failed to load resource: the server responded with a status of 404 (Not Found) @ https://b1sync.zemanta.com/usersync/ogury/?gdpr=0&gdpr_consent=&cb=https%3A%2F%2Fms-cookie-sync.presage.io%2Fuser-sync%3Foutbrain_id%3D__ZUID__:0
[   14889ms] [ERROR] Failed to load resource: net::ERR_NAME_NOT_RESOLVED @ https://pixel.tapad.com/idsync/ex/receive?partner_id=3371&partner_device_id=67D23431-16D6-478D-B3D0-FAEDF4462BCE:0
[   16797ms] [ERROR] Failed to load resource: net::ERR_NAME_NOT_RESOLVED @ https://pixel.tapad.com/idsync/ex/receive?partner_id=3371&partner_device_id=67D23431-16D6-478D-B3D0-FAEDF4462BCE:0
[   17412ms] [ERROR] Failed to load resource: the server responded with a status of 400 () @ https://match.prod.bidr.io/cookie-sync/richaudience?gdpr=0&gdpr_consent=:0
[   11294ms] [ERROR] Failed to load resource: net::ERR_NAME_NOT_RESOLVED @ https://pixel.rubiconproject.com/tap.php?v=223352&nid=4584&put=mOriQHSyhXNjYZu1NqA1A9iGfF9Wf46ECCZseCiBJEU:0
[   11696ms] [ERROR] Failed to load resource: net::ERR_NAME_NOT_RESOLVED @ https://pixel.rubiconproject.com/tap.php?v=223352&nid=4584&put=mOriQHSyhXNjYZu1NqA1A9iGfF9Wf46ECCZseCiBJEU:0
[   12723ms] [ERROR] Failed to load resource: the server responded with a status of 424 (Failed Dependency) @ https://t.adx.opera.com/pub/sync?pubid=pub10101531197440&gdpr=1&gdpr_consent=:0
[   12915ms] [ERROR] Failed to load resource: net::ERR_NAME_NOT_RESOLVED @ https://pixel.rubiconproject.com/tap.php?v=223352&nid=4584&put=mOriQHSyhXNjYZu1NqA1A9iGfF9Wf46ECCZseCiBJEU:0
[   13046ms] [ERROR] Failed to load resource: the server responded with a status of 424 (Failed Dependency) @ https://t.adx.opera.com/pub/sync?pubid=pub10101531197440&gdpr=1&gdpr_consent=:0
[   14086ms] [ERROR] Failed to load resource: the server responded with a status of 424 (Failed Dependency) @ https://t.adx.opera.com/pub/sync?pubid=pub10101531197440&gdpr=1&gdpr_consent=:0
[   14351ms] [ERROR] Failed to load resource: net::ERR_NAME_NOT_RESOLVED @ https://pixel.rubiconproject.com/tap.php?v=223352&nid=4584&put=mOriQHSyhXNjYZu1NqA1A9iGfF9Wf46ECCZseCiBJEU:0
[   15723ms] [ERROR] Failed to load resource: net::ERR_HTTP2_SERVER_REFUSED_STREAM @ https://cs.admanmedia.com/73c1e1bfc3bde354d60b80e601ae3914.gif?puid=[UID]&redir=https%3A%2F%2Fonetag-sys.com%2Fmatch%2F%3Fint_id%3D164%26gdpr%3D0%26gdpr_consent%3D%26uid%3D%5BUID%5D&gdpr=0&gdpr_consent=&ccpa=1YN-&coppa=:0
[   16366ms] [ERROR] Failed to load resource: net::ERR_NAME_NOT_RESOLVED @ https://pixel.rubiconproject.com/tap.php?v=223352&nid=4584&put=mOriQHSyhXNjYZu1NqA1A9iGfF9Wf46ECCZseCiBJEU:0
[   17094ms] [ERROR] Failed to load resource: net::ERR_HTTP2_SERVER_REFUSED_STREAM @ https://cs.admanmedia.com/73c1e1bfc3bde354d60b80e601ae3914.gif?puid=[UID]&redir=https%3A%2F%2Fonetag-sys.com%2Fmatch%2F%3Fint_id%3D164%26gdpr%3D1%26gdpr_consent%3D%26uid%3D%5BUID%5D&gdpr=1&gdpr_consent=&ccpa=&coppa=:0
[   17412ms] [ERROR] Failed to load resource: the server responded with a status of 400 () @ https://match.prod.bidr.io/cookie-sync/richaudience?gdpr=0&gdpr_consent=:0
[   14348ms] [ERROR] Failed to load resource: net::ERR_NAME_NOT_RESOLVED @ https://pixel.tapad.com/idsync/ex/receive?partner_id=3535&partner_device_id=ID5-5-50586368-d49a-45cf-b635-d3c968d5d097&partner_url=https%3A%2F%2Fsync.inmobi.com%2Fsetuid%3FbidderID%3D877%26dspUserId%3D%24%7BTA_DEVICE_ID%7D:0
[   14351ms] [ERROR] Failed to load resource: net::ERR_NAME_NOT_RESOLVED @ https://us.ck-ie.com/inmslw82.gif?gdpr=0&gdpr_consent=&redir=https%3A%2F%2Fsync.inmobi.com%2Fsetuid%3FbidderID%3DID5-893%26dspUserId%3D%7B%24PARTNER_UID%7D:0
[   16190ms] [ERROR] Failed to load resource: the server responded with a status of 503 () @ https://sync.inmobi.com/setuid?bidderID=32&dspUserId=8170537030556458571:0
[   16952ms] [ERROR] Failed to load resource: the server responded with a status of 503 () @ https://sync.inmobi.com/setuid?bidderID=957&dspUserId=ce6aa632-97eb-4003-97ce-d788351ff5b3:0
[   17094ms] [ERROR] Failed to load resource: net::ERR_HTTP2_SERVER_REFUSED_STREAM @ https://cs.admanmedia.com/e03deca3316b700a1ce99c41e324fd03.gif?puid=ID5-5-50586368-d49a-45cf-b635-d3c968d5d097&redir=https%3A%2F%2Fsync.inmobi.com%2Fsetuid%3FbidderID%3D149%26dspUserId%3D%5BUID%5D&gdpr=0&gdpr_consent=:0
[   13000ms] [ERROR] Failed to load resource: net::ERR_NAME_NOT_RESOLVED @ https://dps.jp.cinarra.com/pxd?PLATFORM_ID=1&USER_ID=cf753ffd-5d82-8789-f471-f1d6bf256417:0
[   13014ms] [ERROR] Failed to load resource: net::ERR_CONNECTION_REFUSED @ https://cs.nex8.net/cs/openx:0
[   13477ms] [ERROR] Failed to load resource: net::ERR_NAME_NOT_RESOLVED @ https://match.rundsp.com/redirect?ex=openx:0
[   13478ms] [ERROR] Failed to load resource: net::ERR_NAME_NOT_RESOLVED @ https://i.w55c.net/ping_match.gif?ei=OPENX&rurl=https%3A%2F%2Fus-u.openx.net%2Fw%2F1.0%2Fsd%3Fid%3D537072979%26val%3D_wfivefivec_:0
[   17022ms] [ERROR] Failed to load resource: net::ERR_NAME_NOT_RESOLVED @ https://j.mrpdata.net/c.html?ex=OpenX:0
[   17710ms] [ERROR] Failed to load resource: the server responded with a status of 404 (Not Found) @ https://us.shb-sync.com/bf2debb3-8b3f-11ed-9a3c-0cc47a787f5e.gif?redir=https%3A%2F%2Fs.ad.smaato.net%2Fc%2F%3FdspId%3D1170%26dspCookie%3D%24UID%26gdpr%3D0%26gdpr_consent%3D&gdpr=0&gdpr_consent=:0
[   17412ms] [ERROR] Failed to load resource: the server responded with a status of 400 () @ https://match.prod.bidr.io/cookie-sync/richaudience?gdpr=0&gdpr_consent=:0
[   17837ms] [ERROR] Failed to load resource: net::ERR_NAME_NOT_RESOLVED @ https://pixel.tapad.com/idsync/ex/push?partner_id=2499&partner_device_id=8368021f-0987-4956-87e3-aab915645fbe-6a0a6b39-4944&partner_url=https%3A%2F%2Fsync.crwdcntrl.net%2Fqmap%3Fc%3D1389%26tp%3DSTSC%26tpid%3D8368021f-0987-4956-87e3-aab915645fbe-6a0a6b39-4944%26gdpr%3D0%26gdpr_consent%3D%26d%3Dhttps%253A%252F%252Fce.lijit.com%252Fmerge%253Fpid%253D16%25263pid%253D8368021f-0987-4956-87e3-aab915645fbe-6a0a6b39-4944%2526gdpr%253D0%2526gdpr_consent%253D:0
[   11294ms] [ERROR] Failed to load resource: net::ERR_NAME_NOT_RESOLVED @ https://pixel.rubiconproject.com/tap.php?v=223352&nid=4584&put=mOriQHSyhXNjYZu1NqA1A9iGfF9Wf46ECCZseCiBJEU:0
[   11696ms] [ERROR] Failed to load resource: net::ERR_NAME_NOT_RESOLVED @ https://pixel.rubiconproject.com/tap.php?v=223352&nid=4584&put=mOriQHSyhXNjYZu1NqA1A9iGfF9Wf46ECCZseCiBJEU:0
[   12723ms] [ERROR] Failed to load resource: the server responded with a status of 424 (Failed Dependency) @ https://t.adx.opera.com/pub/sync?pubid=pub10101531197440&gdpr=1&gdpr_consent=:0
[   12915ms] [ERROR] Failed to load resource: net::ERR_NAME_NOT_RESOLVED @ https://pixel.rubiconproject.com/tap.php?v=223352&nid=4584&put=mOriQHSyhXNjYZu1NqA1A9iGfF9Wf46ECCZseCiBJEU:0
[   13046ms] [ERROR] Failed to load resource: the server responded with a status of 424 (Failed Dependency) @ https://t.adx.opera.com/pub/sync?pubid=pub10101531197440&gdpr=1&gdpr_consent=:0
[   14086ms] [ERROR] Failed to load resource: the server responded with a status of 424 (Failed Dependency) @ https://t.adx.opera.com/pub/sync?pubid=pub10101531197440&gdpr=1&gdpr_consent=:0
[   14351ms] [ERROR] Failed to load resource: net::ERR_NAME_NOT_RESOLVED @ https://pixel.rubiconproject.com/tap.php?v=223352&nid=4584&put=mOriQHSyhXNjYZu1NqA1A9iGfF9Wf46ECCZseCiBJEU:0
[   15723ms] [ERROR] Failed to load resource: net::ERR_HTTP2_SERVER_REFUSED_STREAM @ https://cs.admanmedia.com/73c1e1bfc3bde354d60b80e601ae3914.gif?puid=[UID]&redir=https%3A%2F%2Fonetag-sys.com%2Fmatch%2F%3Fint_id%3D164%26gdpr%3D0%26gdpr_consent%3D%26uid%3D%5BUID%5D&gdpr=0&gdpr_consent=&ccpa=1YN-&coppa=:0
[   16366ms] [ERROR] Failed to load resource: net::ERR_NAME_NOT_RESOLVED @ https://pixel.rubiconproject.com/tap.php?v=223352&nid=4584&put=mOriQHSyhXNjYZu1NqA1A9iGfF9Wf46ECCZseCiBJEU:0
[   17094ms] [ERROR] Failed to load resource: net::ERR_HTTP2_SERVER_REFUSED_STREAM @ https://cs.admanmedia.com/73c1e1bfc3bde354d60b80e601ae3914.gif?puid=[UID]&redir=https%3A%2F%2Fonetag-sys.com%2Fmatch%2F%3Fint_id%3D164%26gdpr%3D1%26gdpr_consent%3D%26uid%3D%5BUID%5D&gdpr=1&gdpr_consent=&ccpa=&coppa=:0
[   17880ms] [ERROR] Failed to load resource: net::ERR_NAME_NOT_RESOLVED @ https://cm-exchange.toast.com/bi/pixel?cm_mid=1285568805&toast_push:0
[   12915ms] [ERROR] Failed to load resource: net::ERR_NAME_NOT_RESOLVED @ https://pixel.rubiconproject.com/token?pid=52948:0
[   12915ms] [ERROR] Failed to load resource: net::ERR_NAME_NOT_RESOLVED @ https://pixel.rubiconproject.com/exchange/sync.php?p=a9us:0
[   13262ms] [ERROR] Failed to load resource: net::ERR_NAME_NOT_RESOLVED @ https://pixel.rubiconproject.com/exchange/sync.php?p=pbs-apn:0
[   13262ms] [ERROR] Failed to load resource: net::ERR_NAME_NOT_RESOLVED @ https://pixel.rubiconproject.com/tap.php?v=8981&nid=2307&put=4fde19af-6af6-47b7-9250-0f861c66b597&gdpr=0&gdpr_consent=&expires=30:0
[   13262ms] [ERROR] Failed to load resource: net::ERR_NAME_NOT_RESOLVED @ https://pixel.rubiconproject.com/tap.php?v=7751&nid=2249&expires=30&put=CAESEFp_4baQm7249gSHgmVDPfw&google_cver=1:0
[   13263ms] [ERROR] Failed to load resource: net::ERR_NAME_NOT_RESOLVED @ https://pixel.rubiconproject.com/tap.php?v=31950&nid=2974&put=y-4DZ5_ztE2oIN4tq91rZawYXaOqTZSUIF2Bp.jg--~A:0
[   13263ms] [ERROR] Failed to load resource: net::ERR_NAME_NOT_RESOLVED @ https://pixel.rubiconproject.com/exchange/sync.php?p=19564:0
[   13358ms] [ERROR] Failed to load resource: net::ERR_NAME_NOT_RESOLVED @ https://pixel.rubiconproject.com/exchange/sync.php?p=dfp&google_gid=CAESEIUUtMfL_lKUNC8SXtWWxHc&google_cver=1:0
[   13358ms] [ERROR] Failed to load resource: net::ERR_NAME_NOT_RESOLVED @ https://pixel.rubiconproject.com/exchange/sync.php?p=pbs-adaptmx:0
[   13358ms] [ERROR] Failed to load resource: net::ERR_NAME_NOT_RESOLVED @ https://pixel.rubiconproject.com/exchange/sync.php?p=pbs-yahoo-exchange:0
[   13362ms] [ERROR] Failed to load resource: net::ERR_NAME_NOT_RESOLVED @ https://px.ads.linkedin.com/setuid?partner=rubiconDb&dbredirect=true&ruxId=MPAIZ3CM-15-KS08:0
[   14352ms] [ERROR] Failed to load resource: net::ERR_NAME_NOT_RESOLVED @ https://pixel.rubiconproject.com/tap.php?v=183462&nid=4114&put=AAfA9U7UFNYAAADEqxIEbA&expires=30:0
[   16366ms] [ERROR] Failed to load resource: net::ERR_NAME_NOT_RESOLVED @ https://pixel.rubiconproject.com/exchange/sync.php?p=ogury&gdpr_consent=&khaos=MPAIZ3CM-15-KS08:0
[   14348ms] [ERROR] Failed to load resource: net::ERR_NAME_NOT_RESOLVED @ https://pixel.tapad.com/idsync/ex/receive?partner_id=3535&partner_device_id=ID5-5-50586368-d49a-45cf-b635-d3c968d5d097&partner_url=https%3A%2F%2Fsync.inmobi.com%2Fsetuid%3FbidderID%3D877%26dspUserId%3D%24%7BTA_DEVICE_ID%7D:0
[   14351ms] [ERROR] Failed to load resource: net::ERR_NAME_NOT_RESOLVED @ https://us.ck-ie.com/inmslw82.gif?gdpr=0&gdpr_consent=&redir=https%3A%2F%2Fsync.inmobi.com%2Fsetuid%3FbidderID%3DID5-893%26dspUserId%3D%7B%24PARTNER_UID%7D:0
[   16190ms] [ERROR] Failed to load resource: the server responded with a status of 503 () @ https://sync.inmobi.com/setuid?bidderID=32&dspUserId=8170537030556458571:0
[   16952ms] [ERROR] Failed to load resource: the server responded with a status of 503 () @ https://sync.inmobi.com/setuid?bidderID=957&dspUserId=ce6aa632-97eb-4003-97ce-d788351ff5b3:0
[   17094ms] [ERROR] Failed to load resource: net::ERR_HTTP2_SERVER_REFUSED_STREAM @ https://cs.admanmedia.com/e03deca3316b700a1ce99c41e324fd03.gif?puid=ID5-5-50586368-d49a-45cf-b635-d3c968d5d097&redir=https%3A%2F%2Fsync.inmobi.com%2Fsetuid%3FbidderID%3D149%26dspUserId%3D%5BUID%5D&gdpr=0&gdpr_consent=:0
[   11294ms] [ERROR] Failed to load resource: net::ERR_NAME_NOT_RESOLVED @ https://pixel.rubiconproject.com/tap.php?v=223352&nid=4584&put=mOriQHSyhXNjYZu1NqA1A9iGfF9Wf46ECCZseCiBJEU:0
[   11696ms] [ERROR] Failed to load resource: net::ERR_NAME_NOT_RESOLVED @ https://pixel.rubiconproject.com/tap.php?v=223352&nid=4584&put=mOriQHSyhXNjYZu1NqA1A9iGfF9Wf46ECCZseCiBJEU:0
[   12723ms] [ERROR] Failed to load resource: the server responded with a status of 424 (Failed Dependency) @ https://t.adx.opera.com/pub/sync?pubid=pub10101531197440&gdpr=1&gdpr_consent=:0
[   12915ms] [ERROR] Failed to load resource: net::ERR_NAME_NOT_RESOLVED @ https://pixel.rubiconproject.com/tap.php?v=223352&nid=4584&put=mOriQHSyhXNjYZu1NqA1A9iGfF9Wf46ECCZseCiBJEU:0
[   13046ms] [ERROR] Failed to load resource: the server responded with a status of 424 (Failed Dependency) @ https://t.adx.opera.com/pub/sync?pubid=pub10101531197440&gdpr=1&gdpr_consent=:0
[   14086ms] [ERROR] Failed to load resource: the server responded with a status of 424 (Failed Dependency) @ https://t.adx.opera.com/pub/sync?pubid=pub10101531197440&gdpr=1&gdpr_consent=:0
[   14351ms] [ERROR] Failed to load resource: net::ERR_NAME_NOT_RESOLVED @ https://pixel.rubiconproject.com/tap.php?v=223352&nid=4584&put=mOriQHSyhXNjYZu1NqA1A9iGfF9Wf46ECCZseCiBJEU:0
[   15723ms] [ERROR] Failed to load resource: net::ERR_HTTP2_SERVER_REFUSED_STREAM @ https://cs.admanmedia.com/73c1e1bfc3bde354d60b80e601ae3914.gif?puid=[UID]&redir=https%3A%2F%2Fonetag-sys.com%2Fmatch%2F%3Fint_id%3D164%26gdpr%3D0%26gdpr_consent%3D%26uid%3D%5BUID%5D&gdpr=0&gdpr_consent=&ccpa=1YN-&coppa=:0
[   16366ms] [ERROR] Failed to load resource: net::ERR_NAME_NOT_RESOLVED @ https://pixel.rubiconproject.com/tap.php?v=223352&nid=4584&put=mOriQHSyhXNjYZu1NqA1A9iGfF9Wf46ECCZseCiBJEU:0
[   17094ms] [ERROR] Failed to load resource: net::ERR_HTTP2_SERVER_REFUSED_STREAM @ https://cs.admanmedia.com/73c1e1bfc3bde354d60b80e601ae3914.gif?puid=[UID]&redir=https%3A%2F%2Fonetag-sys.com%2Fmatch%2F%3Fint_id%3D164%26gdpr%3D1%26gdpr_consent%3D%26uid%3D%5BUID%5D&gdpr=1&gdpr_consent=&ccpa=&coppa=:0
[   18088ms] [ERROR] Failed to load resource: net::ERR_HTTP2_SERVER_REFUSED_STREAM @ https://cs.admanmedia.com/f6840be316cff8120b331878d1e34728.gif?puid=[UID]&redir=https%3A%2F%2Fce.lijit.com%2Fmerge%3Fpid%3D122%263pid%3D%5BUID%5D&gdpr=0&gdpr_consent=:0
[   18088ms] [ERROR] Failed to load resource: net::ERR_HTTP2_SERVER_REFUSED_STREAM @ https://cs.admanmedia.com/73c1e1bfc3bde354d60b80e601ae3914.gif?puid=[UID]&redir=https%3A%2F%2Fonetag-sys.com%2Fmatch%2F%3Fint_id%3D164%26gdpr%3D0%26gdpr_consent%3D%26uid%3D%5BUID%5D&gdpr=0&gdpr_consent=&ccpa=&coppa=:0
[   18089ms] [ERROR] Failed to load resource: net::ERR_HTTP2_SERVER_REFUSED_STREAM @ https://cs.admanmedia.com/2e2cd80ed2c36fa49cf9580703081ade.gif?puid=f2a5d6d7-d7b5-4392-9834-f5f6b482c306&redir=https%3A%2F%2Fms-cookie-sync.presage.io%2Fuser-sync%3Fillumin_id%3D%5BUID%5D%26gdpr%3D0%26gdpr_consent%3D&gdpr=0&gdpr_consent=:0
[   18114ms] [ERROR] Failed to load resource: the server responded with a status of 424 (Failed Dependency) @ https://t.adx.opera.com/pub/sync?pubid=pub10101531197440&gdpr=1&gdpr_consent=:0
[   14348ms] [ERROR] Failed to load resource: net::ERR_NAME_NOT_RESOLVED @ https://pixel.tapad.com/idsync/ex/receive?partner_id=1388&partner_device_id=Jj9VgGoKazUn%2BrqjdGUeRQ%3D%3D&us_privacy=&random=1779067701834.3&redirect=https%3A%2F%2Fthinkcxad.azurewebsites.net%2Fapi%2Fpixel%3Fid%3D%24%7BTA_DEVICE_ID%7D%26partner%3DTAPAD:0
[   14351ms] [ERROR] Failed to load resource: net::ERR_NAME_NOT_RESOLVED @ https://pixel.tapad.com/idsync/ex/receive?partner_id=1388&partner_device_id=Jj9VgGoKazUn%2BrqjdGUeRQ%3D%3D&us_privacy=&random=1779067701922.3&redirect=https%3A%2F%2Fthinkcxad.azurewebsites.net%2Fapi%2Fpixel%3Fid%3D%24%7BTA_DEVICE_ID%7D%26partner%3DTAPAD:0
[   14476ms] [ERROR] Failed to load resource: net::ERR_NAME_NOT_RESOLVED @ https://px.ads.linkedin.com/db_sync?pid=15927&puuid=Jj9VgGoKazUn%2BrqjdGUeRQ%3D%3D&us_privacy=&_rand=1779067701922.2:0
[   14481ms] [ERROR] Failed to load resource: net::ERR_NAME_NOT_RESOLVED @ https://px.ads.linkedin.com/db_sync?pid=15927&puuid=Jj9VgGoKazUn%2BrqjdGUeRQ%3D%3D&us_privacy=&_rand=1779067701834.2:0
[   14878ms] [ERROR] Failed to load resource: net::ERR_NAME_NOT_RESOLVED @ https://pixel.tapad.com/idsync/ex/receive?partner_id=1388&partner_device_id=Jj9VgGoKazUn%2BrqjdGUeRQ%3D%3D&us_privacy=&random=1779067701922.3&redirect=https%3A%2F%2Fthinkcxad.azurewebsites.net%2Fapi%2Fpixel%3Fid%3D%24%7BTA_DEVICE_ID%7D%26partner%3DTAPAD:0
[   16212ms] [ERROR] Failed to load resource: net::ERR_NAME_NOT_RESOLVED @ https://px.ads.linkedin.com/db_sync?pid=15927&puuid=Jj9VgGoKazUn%2BrqjdGUeRQ%3D%3D&us_privacy=&_rand=1779067701922.2:0
[   12915ms] [ERROR] Failed to load resource: net::ERR_NAME_NOT_RESOLVED @ https://pixel.rubiconproject.com/token?pid=52948:0
[   12915ms] [ERROR] Failed to load resource: net::ERR_NAME_NOT_RESOLVED @ https://pixel.rubiconproject.com/exchange/sync.php?p=a9us:0
[   13262ms] [ERROR] Failed to load resource: net::ERR_NAME_NOT_RESOLVED @ https://pixel.rubiconproject.com/exchange/sync.php?p=pbs-apn:0
[   13262ms] [ERROR] Failed to load resource: net::ERR_NAME_NOT_RESOLVED @ https://pixel.rubiconproject.com/tap.php?v=8981&nid=2307&put=4fde19af-6af6-47b7-9250-0f861c66b597&gdpr=0&gdpr_consent=&expires=30:0
[   13262ms] [ERROR] Failed to load resource: net::ERR_NAME_NOT_RESOLVED @ https://pixel.rubiconproject.com/tap.php?v=7751&nid=2249&expires=30&put=CAESEFp_4baQm7249gSHgmVDPfw&google_cver=1:0
[   13263ms] [ERROR] Failed to load resource: net::ERR_NAME_NOT_RESOLVED @ https://pixel.rubiconproject.com/tap.php?v=31950&nid=2974&put=y-4DZ5_ztE2oIN4tq91rZawYXaOqTZSUIF2Bp.jg--~A:0
[   13263ms] [ERROR] Failed to load resource: net::ERR_NAME_NOT_RESOLVED @ https://pixel.rubiconproject.com/exchange/sync.php?p=19564:0
[   13358ms] [ERROR] Failed to load resource: net::ERR_NAME_NOT_RESOLVED @ https://pixel.rubiconproject.com/exchange/sync.php?p=dfp&google_gid=CAESEIUUtMfL_lKUNC8SXtWWxHc&google_cver=1:0
[   13358ms] [ERROR] Failed to load resource: net::ERR_NAME_NOT_RESOLVED @ https://pixel.rubiconproject.com/exchange/sync.php?p=pbs-adaptmx:0
[   13358ms] [ERROR] Failed to load resource: net::ERR_NAME_NOT_RESOLVED @ https://pixel.rubiconproject.com/exchange/sync.php?p=pbs-yahoo-exchange:0
[   13362ms] [ERROR] Failed to load resource: net::ERR_NAME_NOT_RESOLVED @ https://px.ads.linkedin.com/setuid?partner=rubiconDb&dbredirect=true&ruxId=MPAIZ3CM-15-KS08:0
[   14352ms] [ERROR] Failed to load resource: net::ERR_NAME_NOT_RESOLVED @ https://pixel.rubiconproject.com/tap.php?v=183462&nid=4114&put=AAfA9U7UFNYAAADEqxIEbA&expires=30:0
[   16366ms] [ERROR] Failed to load resource: net::ERR_NAME_NOT_RESOLVED @ https://pixel.rubiconproject.com/exchange/sync.php?p=ogury&gdpr_consent=&khaos=MPAIZ3CM-15-KS08:0
[   13000ms] [ERROR] Failed to load resource: net::ERR_NAME_NOT_RESOLVED @ https://dps.jp.cinarra.com/pxd?PLATFORM_ID=1&USER_ID=cf753ffd-5d82-8789-f471-f1d6bf256417:0
[   13014ms] [ERROR] Failed to load resource: net::ERR_CONNECTION_REFUSED @ https://cs.nex8.net/cs/openx:0
[   13477ms] [ERROR] Failed to load resource: net::ERR_NAME_NOT_RESOLVED @ https://match.rundsp.com/redirect?ex=openx:0
[   13478ms] [ERROR] Failed to load resource: net::ERR_NAME_NOT_RESOLVED @ https://i.w55c.net/ping_match.gif?ei=OPENX&rurl=https%3A%2F%2Fus-u.openx.net%2Fw%2F1.0%2Fsd%3Fid%3D537072979%26val%3D_wfivefivec_:0
[   17022ms] [ERROR] Failed to load resource: net::ERR_NAME_NOT_RESOLVED @ https://j.mrpdata.net/c.html?ex=OpenX:0
[   17880ms] [ERROR] Failed to load resource: net::ERR_NAME_NOT_RESOLVED @ https://cm-exchange.toast.com/bi/pixel?cm_mid=1285568805&toast_push:0
[   13000ms] [ERROR] Failed to load resource: net::ERR_NAME_NOT_RESOLVED @ https://dps.jp.cinarra.com/pxd?PLATFORM_ID=1&USER_ID=cf753ffd-5d82-8789-f471-f1d6bf256417:0
[   13014ms] [ERROR] Failed to load resource: net::ERR_CONNECTION_REFUSED @ https://cs.nex8.net/cs/openx:0
[   13477ms] [ERROR] Failed to load resource: net::ERR_NAME_NOT_RESOLVED @ https://match.rundsp.com/redirect?ex=openx:0
[   13478ms] [ERROR] Failed to load resource: net::ERR_NAME_NOT_RESOLVED @ https://i.w55c.net/ping_match.gif?ei=OPENX&rurl=https%3A%2F%2Fus-u.openx.net%2Fw%2F1.0%2Fsd%3Fid%3D537072979%26val%3D_wfivefivec_:0
[   17022ms] [ERROR] Failed to load resource: net::ERR_NAME_NOT_RESOLVED @ https://j.mrpdata.net/c.html?ex=OpenX:0
[   17880ms] [ERROR] Failed to load resource: net::ERR_NAME_NOT_RESOLVED @ https://cm-exchange.toast.com/bi/pixel?cm_mid=1285568805&toast_push:0
[   18323ms] [ERROR] Failed to load resource: the server responded with a status of 424 (Failed Dependency) @ https://t.adx.opera.com/pub/sync?pubid=pub10101531197440&gdpr=1&gdpr_consent=:0
[   18495ms] [ERROR] Mixed Content: The page at 'https://uxwing.com/meta-icon/#google_vignette' was loaded over HTTPS, but requested an insecure frame 'http://sync.pmbmonetize.live/psync?t=s&e=247&gdpr=&gdpr_consent=&us_privacy=&gpp=&gpp_sid=&cb=https%3A%2F%2Fcookies.nextmillmedia.com%2Fsetuid%3Fbidder%3Dadipolo%26nmuid%3D%26gdpr%3D%26gdpr_consent%3D%26us_privacy%3D%26uid%3D%25USER_ID%25'. This request has been blocked; the content must be served over HTTPS. @ https://cookies.nextmillmedia.com/sync?redirect=https%3A%2F%2Fsync.adkernel.com%2Fuser-sync%3Fzone%3D308936%26dsp%3D830598%26t%3Diframe%26uid%3D%5BNMUID%5D:42
[   12915ms] [ERROR] Failed to load resource: net::ERR_NAME_NOT_RESOLVED @ https://pixel.rubiconproject.com/token?pid=52948:0
[   12915ms] [ERROR] Failed to load resource: net::ERR_NAME_NOT_RESOLVED @ https://pixel.rubiconproject.com/exchange/sync.php?p=a9us:0
[   13262ms] [ERROR] Failed to load resource: net::ERR_NAME_NOT_RESOLVED @ https://pixel.rubiconproject.com/exchange/sync.php?p=pbs-apn:0
[   13262ms] [ERROR] Failed to load resource: net::ERR_NAME_NOT_RESOLVED @ https://pixel.rubiconproject.com/tap.php?v=8981&nid=2307&put=4fde19af-6af6-47b7-9250-0f861c66b597&gdpr=0&gdpr_consent=&expires=30:0
[   13262ms] [ERROR] Failed to load resource: net::ERR_NAME_NOT_RESOLVED @ https://pixel.rubiconproject.com/tap.php?v=7751&nid=2249&expires=30&put=CAESEFp_4baQm7249gSHgmVDPfw&google_cver=1:0
[   13263ms] [ERROR] Failed to load resource: net::ERR_NAME_NOT_RESOLVED @ https://pixel.rubiconproject.com/tap.php?v=31950&nid=2974&put=y-4DZ5_ztE2oIN4tq91rZawYXaOqTZSUIF2Bp.jg--~A:0
[   13263ms] [ERROR] Failed to load resource: net::ERR_NAME_NOT_RESOLVED @ https://pixel.rubiconproject.com/exchange/sync.php?p=19564:0
[   13358ms] [ERROR] Failed to load resource: net::ERR_NAME_NOT_RESOLVED @ https://pixel.rubiconproject.com/exchange/sync.php?p=dfp&google_gid=CAESEIUUtMfL_lKUNC8SXtWWxHc&google_cver=1:0
[   13358ms] [ERROR] Failed to load resource: net::ERR_NAME_NOT_RESOLVED @ https://pixel.rubiconproject.com/exchange/sync.php?p=pbs-adaptmx:0
[   13358ms] [ERROR] Failed to load resource: net::ERR_NAME_NOT_RESOLVED @ https://pixel.rubiconproject.com/exchange/sync.php?p=pbs-yahoo-exchange:0
[   13362ms] [ERROR] Failed to load resource: net::ERR_NAME_NOT_RESOLVED @ https://px.ads.linkedin.com/setuid?partner=rubiconDb&dbredirect=true&ruxId=MPAIZ3CM-15-KS08:0
[   14352ms] [ERROR] Failed to load resource: net::ERR_NAME_NOT_RESOLVED @ https://pixel.rubiconproject.com/tap.php?v=183462&nid=4114&put=AAfA9U7UFNYAAADEqxIEbA&expires=30:0
[   16366ms] [ERROR] Failed to load resource: net::ERR_NAME_NOT_RESOLVED @ https://pixel.rubiconproject.com/exchange/sync.php?p=ogury&gdpr_consent=&khaos=MPAIZ3CM-15-KS08:0
[   14348ms] [ERROR] Failed to load resource: net::ERR_NAME_NOT_RESOLVED @ https://pixel.tapad.com/idsync/ex/receive?partner_id=1388&partner_device_id=Jj9VgGoKazUn%2BrqjdGUeRQ%3D%3D&us_privacy=&random=1779067701834.3&redirect=https%3A%2F%2Fthinkcxad.azurewebsites.net%2Fapi%2Fpixel%3Fid%3D%24%7BTA_DEVICE_ID%7D%26partner%3DTAPAD:0
[   14351ms] [ERROR] Failed to load resource: net::ERR_NAME_NOT_RESOLVED @ https://pixel.tapad.com/idsync/ex/receive?partner_id=1388&partner_device_id=Jj9VgGoKazUn%2BrqjdGUeRQ%3D%3D&us_privacy=&random=1779067701922.3&redirect=https%3A%2F%2Fthinkcxad.azurewebsites.net%2Fapi%2Fpixel%3Fid%3D%24%7BTA_DEVICE_ID%7D%26partner%3DTAPAD:0
[   14476ms] [ERROR] Failed to load resource: net::ERR_NAME_NOT_RESOLVED @ https://px.ads.linkedin.com/db_sync?pid=15927&puuid=Jj9VgGoKazUn%2BrqjdGUeRQ%3D%3D&us_privacy=&_rand=1779067701922.2:0
[   14481ms] [ERROR] Failed to load resource: net::ERR_NAME_NOT_RESOLVED @ https://px.ads.linkedin.com/db_sync?pid=15927&puuid=Jj9VgGoKazUn%2BrqjdGUeRQ%3D%3D&us_privacy=&_rand=1779067701834.2:0
[   14878ms] [ERROR] Failed to load resource: net::ERR_NAME_NOT_RESOLVED @ https://pixel.tapad.com/idsync/ex/receive?partner_id=1388&partner_device_id=Jj9VgGoKazUn%2BrqjdGUeRQ%3D%3D&us_privacy=&random=1779067701922.3&redirect=https%3A%2F%2Fthinkcxad.azurewebsites.net%2Fapi%2Fpixel%3Fid%3D%24%7BTA_DEVICE_ID%7D%26partner%3DTAPAD:0
[   16212ms] [ERROR] Failed to load resource: net::ERR_NAME_NOT_RESOLVED @ https://px.ads.linkedin.com/db_sync?pid=15927&puuid=Jj9VgGoKazUn%2BrqjdGUeRQ%3D%3D&us_privacy=&_rand=1779067701922.2:0
[   12915ms] [ERROR] Failed to load resource: net::ERR_NAME_NOT_RESOLVED @ https://pixel.rubiconproject.com/token?pid=52948:0
[   12915ms] [ERROR] Failed to load resource: net::ERR_NAME_NOT_RESOLVED @ https://pixel.rubiconproject.com/exchange/sync.php?p=a9us:0
[   13262ms] [ERROR] Failed to load resource: net::ERR_NAME_NOT_RESOLVED @ https://pixel.rubiconproject.com/exchange/sync.php?p=pbs-apn:0
[   13262ms] [ERROR] Failed to load resource: net::ERR_NAME_NOT_RESOLVED @ https://pixel.rubiconproject.com/tap.php?v=8981&nid=2307&put=4fde19af-6af6-47b7-9250-0f861c66b597&gdpr=0&gdpr_consent=&expires=30:0
[   13262ms] [ERROR] Failed to load resource: net::ERR_NAME_NOT_RESOLVED @ https://pixel.rubiconproject.com/tap.php?v=7751&nid=2249&expires=30&put=CAESEFp_4baQm7249gSHgmVDPfw&google_cver=1:0
[   13263ms] [ERROR] Failed to load resource: net::ERR_NAME_NOT_RESOLVED @ https://pixel.rubiconproject.com/tap.php?v=31950&nid=2974&put=y-4DZ5_ztE2oIN4tq91rZawYXaOqTZSUIF2Bp.jg--~A:0
[   13263ms] [ERROR] Failed to load resource: net::ERR_NAME_NOT_RESOLVED @ https://pixel.rubiconproject.com/exchange/sync.php?p=19564:0
[   13358ms] [ERROR] Failed to load resource: net::ERR_NAME_NOT_RESOLVED @ https://pixel.rubiconproject.com/exchange/sync.php?p=dfp&google_gid=CAESEIUUtMfL_lKUNC8SXtWWxHc&google_cver=1:0
[   13358ms] [ERROR] Failed to load resource: net::ERR_NAME_NOT_RESOLVED @ https://pixel.rubiconproject.com/exchange/sync.php?p=pbs-adaptmx:0
[   13358ms] [ERROR] Failed to load resource: net::ERR_NAME_NOT_RESOLVED @ https://pixel.rubiconproject.com/exchange/sync.php?p=pbs-yahoo-exchange:0
[   13362ms] [ERROR] Failed to load resource: net::ERR_NAME_NOT_RESOLVED @ https://px.ads.linkedin.com/setuid?partner=rubiconDb&dbredirect=true&ruxId=MPAIZ3CM-15-KS08:0
[   14352ms] [ERROR] Failed to load resource: net::ERR_NAME_NOT_RESOLVED @ https://pixel.rubiconproject.com/tap.php?v=183462&nid=4114&put=AAfA9U7UFNYAAADEqxIEbA&expires=30:0
[   16366ms] [ERROR] Failed to load resource: net::ERR_NAME_NOT_RESOLVED @ https://pixel.rubiconproject.com/exchange/sync.php?p=ogury&gdpr_consent=&khaos=MPAIZ3CM-15-KS08:0
[   18798ms] [ERROR] Failed to load resource: the server responded with a status of 503 () @ https://usync.ingage.tech/?gdpr=&gdpr_consent=&us_privacy=&redirect=https%3A%2F%2Fcookies.nextmillmedia.com%2Fsetuid%3Fbidder%3Dinsticator%26nmuid%3D%26gdpr%3D%26gdpr_consent%3D%26us_privacy%3D%26uid%3D%24UID:0
[   11295ms] [ERROR] Failed to load resource: net::ERR_NAME_NOT_RESOLVED @ https://pixel.rubiconproject.com/exchange/sync.php?p=pbs-adaptmx&us_privacy=1---:0
[   13262ms] [ERROR] Failed to load resource: net::ERR_NAME_NOT_RESOLVED @ https://pixel.rubiconproject.com/exchange/sync.php?p=pbs-adaptmx&:0
[   13358ms] [ERROR] Failed to load resource: net::ERR_NAME_NOT_RESOLVED @ https://pixel.rubiconproject.com/exchange/sync.php?p=pbs-adaptmx&:0
[   13712ms] [ERROR] Failed to load resource: net::ERR_NAME_NOT_RESOLVED @ https://pixel.rubiconproject.com/exchange/sync.php?p=pbs-adaptmx&:0
[   11295ms] [ERROR] Failed to load resource: net::ERR_NAME_NOT_RESOLVED @ https://pixel.rubiconproject.com/exchange/sync.php?p=pbs-adaptmx&us_privacy=1---:0
[   13262ms] [ERROR] Failed to load resource: net::ERR_NAME_NOT_RESOLVED @ https://pixel.rubiconproject.com/exchange/sync.php?p=pbs-adaptmx&:0
[   13358ms] [ERROR] Failed to load resource: net::ERR_NAME_NOT_RESOLVED @ https://pixel.rubiconproject.com/exchange/sync.php?p=pbs-adaptmx&:0
[   13712ms] [ERROR] Failed to load resource: net::ERR_NAME_NOT_RESOLVED @ https://pixel.rubiconproject.com/exchange/sync.php?p=pbs-adaptmx&:0
[   11295ms] [ERROR] Failed to load resource: net::ERR_NAME_NOT_RESOLVED @ https://pixel.rubiconproject.com/exchange/sync.php?p=pbs-adaptmx&us_privacy=1---:0
[   13262ms] [ERROR] Failed to load resource: net::ERR_NAME_NOT_RESOLVED @ https://pixel.rubiconproject.com/exchange/sync.php?p=pbs-adaptmx&:0
[   13358ms] [ERROR] Failed to load resource: net::ERR_NAME_NOT_RESOLVED @ https://pixel.rubiconproject.com/exchange/sync.php?p=pbs-adaptmx&:0
[   13712ms] [ERROR] Failed to load resource: net::ERR_NAME_NOT_RESOLVED @ https://pixel.rubiconproject.com/exchange/sync.php?p=pbs-adaptmx&:0
[   11294ms] [ERROR] Failed to load resource: net::ERR_NAME_NOT_RESOLVED @ https://pixel.rubiconproject.com/tap.php?v=223352&nid=4584&put=mOriQHSyhXNjYZu1NqA1A9iGfF9Wf46ECCZseCiBJEU:0
[   11696ms] [ERROR] Failed to load resource: net::ERR_NAME_NOT_RESOLVED @ https://pixel.rubiconproject.com/tap.php?v=223352&nid=4584&put=mOriQHSyhXNjYZu1NqA1A9iGfF9Wf46ECCZseCiBJEU:0
[   12723ms] [ERROR] Failed to load resource: the server responded with a status of 424 (Failed Dependency) @ https://t.adx.opera.com/pub/sync?pubid=pub10101531197440&gdpr=1&gdpr_consent=:0
[   12915ms] [ERROR] Failed to load resource: net::ERR_NAME_NOT_RESOLVED @ https://pixel.rubiconproject.com/tap.php?v=223352&nid=4584&put=mOriQHSyhXNjYZu1NqA1A9iGfF9Wf46ECCZseCiBJEU:0
[   13046ms] [ERROR] Failed to load resource: the server responded with a status of 424 (Failed Dependency) @ https://t.adx.opera.com/pub/sync?pubid=pub10101531197440&gdpr=1&gdpr_consent=:0
[   14086ms] [ERROR] Failed to load resource: the server responded with a status of 424 (Failed Dependency) @ https://t.adx.opera.com/pub/sync?pubid=pub10101531197440&gdpr=1&gdpr_consent=:0
[   14351ms] [ERROR] Failed to load resource: net::ERR_NAME_NOT_RESOLVED @ https://pixel.rubiconproject.com/tap.php?v=223352&nid=4584&put=mOriQHSyhXNjYZu1NqA1A9iGfF9Wf46ECCZseCiBJEU:0
[   15723ms] [ERROR] Failed to load resource: net::ERR_HTTP2_SERVER_REFUSED_STREAM @ https://cs.admanmedia.com/73c1e1bfc3bde354d60b80e601ae3914.gif?puid=[UID]&redir=https%3A%2F%2Fonetag-sys.com%2Fmatch%2F%3Fint_id%3D164%26gdpr%3D0%26gdpr_consent%3D%26uid%3D%5BUID%5D&gdpr=0&gdpr_consent=&ccpa=1YN-&coppa=:0
[   16366ms] [ERROR] Failed to load resource: net::ERR_NAME_NOT_RESOLVED @ https://pixel.rubiconproject.com/tap.php?v=223352&nid=4584&put=mOriQHSyhXNjYZu1NqA1A9iGfF9Wf46ECCZseCiBJEU:0
[   17094ms] [ERROR] Failed to load resource: net::ERR_HTTP2_SERVER_REFUSED_STREAM @ https://cs.admanmedia.com/73c1e1bfc3bde354d60b80e601ae3914.gif?puid=[UID]&redir=https%3A%2F%2Fonetag-sys.com%2Fmatch%2F%3Fint_id%3D164%26gdpr%3D1%26gdpr_consent%3D%26uid%3D%5BUID%5D&gdpr=1&gdpr_consent=&ccpa=&coppa=:0
[   18088ms] [ERROR] Failed to load resource: net::ERR_HTTP2_SERVER_REFUSED_STREAM @ https://cs.admanmedia.com/73c1e1bfc3bde354d60b80e601ae3914.gif?puid=[UID]&redir=https%3A%2F%2Fonetag-sys.com%2Fmatch%2F%3Fint_id%3D164%26gdpr%3D0%26gdpr_consent%3D%26uid%3D%5BUID%5D&gdpr=0&gdpr_consent=&ccpa=&coppa=:0
[   18114ms] [ERROR] Failed to load resource: the server responded with a status of 424 (Failed Dependency) @ https://t.adx.opera.com/pub/sync?pubid=pub10101531197440&gdpr=1&gdpr_consent=:0
[   18323ms] [ERROR] Failed to load resource: the server responded with a status of 424 (Failed Dependency) @ https://t.adx.opera.com/pub/sync?pubid=pub10101531197440&gdpr=1&gdpr_consent=:0
[   14348ms] [ERROR] Failed to load resource: net::ERR_NAME_NOT_RESOLVED @ https://pixel.tapad.com/idsync/ex/receive?partner_id=1388&partner_device_id=Jj9VgGoKazUn%2BrqjdGUeRQ%3D%3D&us_privacy=&random=1779067701834.3&redirect=https%3A%2F%2Fthinkcxad.azurewebsites.net%2Fapi%2Fpixel%3Fid%3D%24%7BTA_DEVICE_ID%7D%26partner%3DTAPAD:0
[   14351ms] [ERROR] Failed to load resource: net::ERR_NAME_NOT_RESOLVED @ https://pixel.tapad.com/idsync/ex/receive?partner_id=1388&partner_device_id=Jj9VgGoKazUn%2BrqjdGUeRQ%3D%3D&us_privacy=&random=1779067701922.3&redirect=https%3A%2F%2Fthinkcxad.azurewebsites.net%2Fapi%2Fpixel%3Fid%3D%24%7BTA_DEVICE_ID%7D%26partner%3DTAPAD:0
[   14476ms] [ERROR] Failed to load resource: net::ERR_NAME_NOT_RESOLVED @ https://px.ads.linkedin.com/db_sync?pid=15927&puuid=Jj9VgGoKazUn%2BrqjdGUeRQ%3D%3D&us_privacy=&_rand=1779067701922.2:0
[   14481ms] [ERROR] Failed to load resource: net::ERR_NAME_NOT_RESOLVED @ https://px.ads.linkedin.com/db_sync?pid=15927&puuid=Jj9VgGoKazUn%2BrqjdGUeRQ%3D%3D&us_privacy=&_rand=1779067701834.2:0
[   14878ms] [ERROR] Failed to load resource: net::ERR_NAME_NOT_RESOLVED @ https://pixel.tapad.com/idsync/ex/receive?partner_id=1388&partner_device_id=Jj9VgGoKazUn%2BrqjdGUeRQ%3D%3D&us_privacy=&random=1779067701922.3&redirect=https%3A%2F%2Fthinkcxad.azurewebsites.net%2Fapi%2Fpixel%3Fid%3D%24%7BTA_DEVICE_ID%7D%26partner%3DTAPAD:0
[   16212ms] [ERROR] Failed to load resource: net::ERR_NAME_NOT_RESOLVED @ https://px.ads.linkedin.com/db_sync?pid=15927&puuid=Jj9VgGoKazUn%2BrqjdGUeRQ%3D%3D&us_privacy=&_rand=1779067701922.2:0
[   17412ms] [ERROR] Failed to load resource: the server responded with a status of 400 () @ https://match.prod.bidr.io/cookie-sync/richaudience?gdpr=0&gdpr_consent=:0
[   18495ms] [ERROR] Mixed Content: The page at 'https://uxwing.com/meta-icon/#google_vignette' was loaded over HTTPS, but requested an insecure frame 'http://sync.pmbmonetize.live/psync?t=s&e=247&gdpr=&gdpr_consent=&us_privacy=&gpp=&gpp_sid=&cb=https%3A%2F%2Fcookies.nextmillmedia.com%2Fsetuid%3Fbidder%3Dadipolo%26nmuid%3D%26gdpr%3D%26gdpr_consent%3D%26us_privacy%3D%26uid%3D%25USER_ID%25'. This request has been blocked; the content must be served over HTTPS. @ https://cookies.nextmillmedia.com/sync?redirect=https%3A%2F%2Fsync.adkernel.com%2Fuser-sync%3Fzone%3D308936%26dsp%3D830598%26t%3Diframe%26uid%3D%5BNMUID%5D:42
[   20038ms] [ERROR] Mixed Content: The page at 'https://uxwing.com/meta-icon/#google_vignette' was loaded over HTTPS, but requested an insecure frame 'http://sync.pmbmonetize.live/psync?t=s&e=247&gdpr=&gdpr_consent=&us_privacy=&gpp=&gpp_sid=&cb=https%3A%2F%2Fcookies.nextmillmedia.com%2Fsetuid%3Fbidder%3Dadipolo%26nmuid%3Dbb302635-1699-48f6-8801-f26ed5142987%26gdpr%3D%26gdpr_consent%3D%26us_privacy%3D%26uid%3D%25USER_ID%25'. This request has been blocked; the content must be served over HTTPS. @ https://cookies.nextmillmedia.com/sync?gdpr=&gdpr_consent=&us_privacy=&redirect=https%3A%2F%2Fsync.cootlogix.com%2Fapi%2Fcookie%3FpartnerId%3Dnextmillmedia%26userId%3D%5BNMUID%5D%26gdpr%3D%26gdpr_consent%3D%26us_privacy%3D:42
[   12915ms] [ERROR] Failed to load resource: net::ERR_NAME_NOT_RESOLVED @ https://pixel.rubiconproject.com/token?pid=52948:0
[   12915ms] [ERROR] Failed to load resource: net::ERR_NAME_NOT_RESOLVED @ https://pixel.rubiconproject.com/exchange/sync.php?p=a9us:0
[   13262ms] [ERROR] Failed to load resource: net::ERR_NAME_NOT_RESOLVED @ https://pixel.rubiconproject.com/exchange/sync.php?p=pbs-apn:0
[   13262ms] [ERROR] Failed to load resource: net::ERR_NAME_NOT_RESOLVED @ https://pixel.rubiconproject.com/tap.php?v=8981&nid=2307&put=4fde19af-6af6-47b7-9250-0f861c66b597&gdpr=0&gdpr_consent=&expires=30:0
[   13262ms] [ERROR] Failed to load resource: net::ERR_NAME_NOT_RESOLVED @ https://pixel.rubiconproject.com/tap.php?v=7751&nid=2249&expires=30&put=CAESEFp_4baQm7249gSHgmVDPfw&google_cver=1:0
[   13263ms] [ERROR] Failed to load resource: net::ERR_NAME_NOT_RESOLVED @ https://pixel.rubiconproject.com/tap.php?v=31950&nid=2974&put=y-4DZ5_ztE2oIN4tq91rZawYXaOqTZSUIF2Bp.jg--~A:0
[   13263ms] [ERROR] Failed to load resource: net::ERR_NAME_NOT_RESOLVED @ https://pixel.rubiconproject.com/exchange/sync.php?p=19564:0
[   13358ms] [ERROR] Failed to load resource: net::ERR_NAME_NOT_RESOLVED @ https://pixel.rubiconproject.com/exchange/sync.php?p=dfp&google_gid=CAESEIUUtMfL_lKUNC8SXtWWxHc&google_cver=1:0
[   13358ms] [ERROR] Failed to load resource: net::ERR_NAME_NOT_RESOLVED @ https://pixel.rubiconproject.com/exchange/sync.php?p=pbs-adaptmx:0
[   13358ms] [ERROR] Failed to load resource: net::ERR_NAME_NOT_RESOLVED @ https://pixel.rubiconproject.com/exchange/sync.php?p=pbs-yahoo-exchange:0
[   13362ms] [ERROR] Failed to load resource: net::ERR_NAME_NOT_RESOLVED @ https://px.ads.linkedin.com/setuid?partner=rubiconDb&dbredirect=true&ruxId=MPAIZ3CM-15-KS08:0
[   14352ms] [ERROR] Failed to load resource: net::ERR_NAME_NOT_RESOLVED @ https://pixel.rubiconproject.com/tap.php?v=183462&nid=4114&put=AAfA9U7UFNYAAADEqxIEbA&expires=30:0
[   16366ms] [ERROR] Failed to load resource: net::ERR_NAME_NOT_RESOLVED @ https://pixel.rubiconproject.com/exchange/sync.php?p=ogury&gdpr_consent=&khaos=MPAIZ3CM-15-KS08:0
[   20104ms] [ERROR] Failed to load resource: the server responded with a status of 424 (Failed Dependency) @ https://t.adx.opera.com/pub/sync?pubid=pub10101531197440&gdpr=1&gdpr_consent=:0
[   18798ms] [ERROR] Failed to load resource: the server responded with a status of 503 () @ https://usync.ingage.tech/?gdpr=&gdpr_consent=&us_privacy=&redirect=https%3A%2F%2Fcookies.nextmillmedia.com%2Fsetuid%3Fbidder%3Dinsticator%26nmuid%3D%26gdpr%3D%26gdpr_consent%3D%26us_privacy%3D%26uid%3D%24UID:0
[   20204ms] [ERROR] Failed to load resource: the server responded with a status of 503 () @ https://usync.ingage.tech/?gdpr=&gdpr_consent=&us_privacy=&redirect=https%3A%2F%2Fcookies.nextmillmedia.com%2Fsetuid%3Fbidder%3Dinsticator%26nmuid%3Dbb302635-1699-48f6-8801-f26ed5142987%26gdpr%3D%26gdpr_consent%3D%26us_privacy%3D%26uid%3D%24UID:0
[   14348ms] [ERROR] Failed to load resource: net::ERR_NAME_NOT_RESOLVED @ https://pixel.tapad.com/idsync/ex/receive?partner_id=1388&partner_device_id=Jj9VgGoKazUn%2BrqjdGUeRQ%3D%3D&us_privacy=&random=1779067701834.3&redirect=https%3A%2F%2Fthinkcxad.azurewebsites.net%2Fapi%2Fpixel%3Fid%3D%24%7BTA_DEVICE_ID%7D%26partner%3DTAPAD:0
[   14351ms] [ERROR] Failed to load resource: net::ERR_NAME_NOT_RESOLVED @ https://pixel.tapad.com/idsync/ex/receive?partner_id=1388&partner_device_id=Jj9VgGoKazUn%2BrqjdGUeRQ%3D%3D&us_privacy=&random=1779067701922.3&redirect=https%3A%2F%2Fthinkcxad.azurewebsites.net%2Fapi%2Fpixel%3Fid%3D%24%7BTA_DEVICE_ID%7D%26partner%3DTAPAD:0
[   14476ms] [ERROR] Failed to load resource: net::ERR_NAME_NOT_RESOLVED @ https://px.ads.linkedin.com/db_sync?pid=15927&puuid=Jj9VgGoKazUn%2BrqjdGUeRQ%3D%3D&us_privacy=&_rand=1779067701922.2:0
[   14481ms] [ERROR] Failed to load resource: net::ERR_NAME_NOT_RESOLVED @ https://px.ads.linkedin.com/db_sync?pid=15927&puuid=Jj9VgGoKazUn%2BrqjdGUeRQ%3D%3D&us_privacy=&_rand=1779067701834.2:0
[   14878ms] [ERROR] Failed to load resource: net::ERR_NAME_NOT_RESOLVED @ https://pixel.tapad.com/idsync/ex/receive?partner_id=1388&partner_device_id=Jj9VgGoKazUn%2BrqjdGUeRQ%3D%3D&us_privacy=&random=1779067701922.3&redirect=https%3A%2F%2Fthinkcxad.azurewebsites.net%2Fapi%2Fpixel%3Fid%3D%24%7BTA_DEVICE_ID%7D%26partner%3DTAPAD:0
[   16212ms] [ERROR] Failed to load resource: net::ERR_NAME_NOT_RESOLVED @ https://px.ads.linkedin.com/db_sync?pid=15927&puuid=Jj9VgGoKazUn%2BrqjdGUeRQ%3D%3D&us_privacy=&_rand=1779067701922.2:0
[   17412ms] [ERROR] Failed to load resource: the server responded with a status of 400 () @ https://match.prod.bidr.io/cookie-sync/richaudience?gdpr=0&gdpr_consent=:0
[   11295ms] [ERROR] Failed to load resource: net::ERR_NAME_NOT_RESOLVED @ https://pixel.rubiconproject.com/exchange/sync.php?p=pbs-adaptmx&us_privacy=1---:0
[   13262ms] [ERROR] Failed to load resource: net::ERR_NAME_NOT_RESOLVED @ https://pixel.rubiconproject.com/exchange/sync.php?p=pbs-adaptmx&:0
[   13358ms] [ERROR] Failed to load resource: net::ERR_NAME_NOT_RESOLVED @ https://pixel.rubiconproject.com/exchange/sync.php?p=pbs-adaptmx&:0
[   13712ms] [ERROR] Failed to load resource: net::ERR_NAME_NOT_RESOLVED @ https://pixel.rubiconproject.com/exchange/sync.php?p=pbs-adaptmx&:0
[   20268ms] [ERROR] Failed to load resource: net::ERR_NAME_NOT_RESOLVED @ https://sync.colossusssp.com/vdz.gif?puid=f826e45c-c7fd-0123-329e-f78947ef4814&redir=https%3A%2F%2Fsync.cootlogix.com%2Fapi%2Fcookie%3FpartnerId%3Dcolossus%26gdpr%3D%26gdpr_consent%3D%26us_privacy%3D%26userId%3D%5BUID%5D:0
[   12915ms] [ERROR] Failed to load resource: net::ERR_NAME_NOT_RESOLVED @ https://pixel.rubiconproject.com/token?pid=52948:0
[   12915ms] [ERROR] Failed to load resource: net::ERR_NAME_NOT_RESOLVED @ https://pixel.rubiconproject.com/exchange/sync.php?p=a9us:0
[   13262ms] [ERROR] Failed to load resource: net::ERR_NAME_NOT_RESOLVED @ https://pixel.rubiconproject.com/exchange/sync.php?p=pbs-apn:0
[   13262ms] [ERROR] Failed to load resource: net::ERR_NAME_NOT_RESOLVED @ https://pixel.rubiconproject.com/tap.php?v=8981&nid=2307&put=4fde19af-6af6-47b7-9250-0f861c66b597&gdpr=0&gdpr_consent=&expires=30:0
[   13262ms] [ERROR] Failed to load resource: net::ERR_NAME_NOT_RESOLVED @ https://pixel.rubiconproject.com/tap.php?v=7751&nid=2249&expires=30&put=CAESEFp_4baQm7249gSHgmVDPfw&google_cver=1:0
[   13263ms] [ERROR] Failed to load resource: net::ERR_NAME_NOT_RESOLVED @ https://pixel.rubiconproject.com/tap.php?v=31950&nid=2974&put=y-4DZ5_ztE2oIN4tq91rZawYXaOqTZSUIF2Bp.jg--~A:0
[   13263ms] [ERROR] Failed to load resource: net::ERR_NAME_NOT_RESOLVED @ https://pixel.rubiconproject.com/exchange/sync.php?p=19564:0
[   13358ms] [ERROR] Failed to load resource: net::ERR_NAME_NOT_RESOLVED @ https://pixel.rubiconproject.com/exchange/sync.php?p=dfp&google_gid=CAESEIUUtMfL_lKUNC8SXtWWxHc&google_cver=1:0
[   13358ms] [ERROR] Failed to load resource: net::ERR_NAME_NOT_RESOLVED @ https://pixel.rubiconproject.com/exchange/sync.php?p=pbs-adaptmx:0
[   13358ms] [ERROR] Failed to load resource: net::ERR_NAME_NOT_RESOLVED @ https://pixel.rubiconproject.com/exchange/sync.php?p=pbs-yahoo-exchange:0
[   13362ms] [ERROR] Failed to load resource: net::ERR_NAME_NOT_RESOLVED @ https://px.ads.linkedin.com/setuid?partner=rubiconDb&dbredirect=true&ruxId=MPAIZ3CM-15-KS08:0
[   14352ms] [ERROR] Failed to load resource: net::ERR_NAME_NOT_RESOLVED @ https://pixel.rubiconproject.com/tap.php?v=183462&nid=4114&put=AAfA9U7UFNYAAADEqxIEbA&expires=30:0
[   16366ms] [ERROR] Failed to load resource: net::ERR_NAME_NOT_RESOLVED @ https://pixel.rubiconproject.com/exchange/sync.php?p=ogury&gdpr_consent=&khaos=MPAIZ3CM-15-KS08:0
[   11295ms] [ERROR] Failed to load resource: net::ERR_NAME_NOT_RESOLVED @ https://pixel.rubiconproject.com/exchange/sync.php?p=pbs-adaptmx&us_privacy=1---:0
[   13262ms] [ERROR] Failed to load resource: net::ERR_NAME_NOT_RESOLVED @ https://pixel.rubiconproject.com/exchange/sync.php?p=pbs-adaptmx&:0
[   13358ms] [ERROR] Failed to load resource: net::ERR_NAME_NOT_RESOLVED @ https://pixel.rubiconproject.com/exchange/sync.php?p=pbs-adaptmx&:0
[   13712ms] [ERROR] Failed to load resource: net::ERR_NAME_NOT_RESOLVED @ https://pixel.rubiconproject.com/exchange/sync.php?p=pbs-adaptmx&:0
[   20268ms] [ERROR] Failed to load resource: net::ERR_NAME_NOT_RESOLVED @ https://sync.colossusssp.com/vdz.gif?puid=f826e45c-c7fd-0123-329e-f78947ef4814&redir=https%3A%2F%2Fsync.cootlogix.com%2Fapi%2Fcookie%3FpartnerId%3Dcolossus%26gdpr%3D%26gdpr_consent%3D%26us_privacy%3D%26userId%3D%5BUID%5D:0
[   20268ms] [ERROR] Failed to load resource: net::ERR_NAME_NOT_RESOLVED @ https://sync.colossusssp.com/vdz.gif?puid=f826e45c-c7fd-0123-329e-f78947ef4814&redir=https%3A%2F%2Fsync.cootlogix.com%2Fapi%2Fcookie%3FpartnerId%3Dcolossus%26gdpr%3D%26gdpr_consent%3D%26us_privacy%3D%26userId%3D%5BUID%5D:0
[   14348ms] [ERROR] Failed to load resource: net::ERR_NAME_NOT_RESOLVED @ https://pixel.tapad.com/idsync/ex/receive?partner_id=1388&partner_device_id=Jj9VgGoKazUn%2BrqjdGUeRQ%3D%3D&us_privacy=&random=1779067701834.3&redirect=https%3A%2F%2Fthinkcxad.azurewebsites.net%2Fapi%2Fpixel%3Fid%3D%24%7BTA_DEVICE_ID%7D%26partner%3DTAPAD:0
[   14351ms] [ERROR] Failed to load resource: net::ERR_NAME_NOT_RESOLVED @ https://pixel.tapad.com/idsync/ex/receive?partner_id=1388&partner_device_id=Jj9VgGoKazUn%2BrqjdGUeRQ%3D%3D&us_privacy=&random=1779067701922.3&redirect=https%3A%2F%2Fthinkcxad.azurewebsites.net%2Fapi%2Fpixel%3Fid%3D%24%7BTA_DEVICE_ID%7D%26partner%3DTAPAD:0
[   14476ms] [ERROR] Failed to load resource: net::ERR_NAME_NOT_RESOLVED @ https://px.ads.linkedin.com/db_sync?pid=15927&puuid=Jj9VgGoKazUn%2BrqjdGUeRQ%3D%3D&us_privacy=&_rand=1779067701922.2:0
[   14481ms] [ERROR] Failed to load resource: net::ERR_NAME_NOT_RESOLVED @ https://px.ads.linkedin.com/db_sync?pid=15927&puuid=Jj9VgGoKazUn%2BrqjdGUeRQ%3D%3D&us_privacy=&_rand=1779067701834.2:0
[   14878ms] [ERROR] Failed to load resource: net::ERR_NAME_NOT_RESOLVED @ https://pixel.tapad.com/idsync/ex/receive?partner_id=1388&partner_device_id=Jj9VgGoKazUn%2BrqjdGUeRQ%3D%3D&us_privacy=&random=1779067701922.3&redirect=https%3A%2F%2Fthinkcxad.azurewebsites.net%2Fapi%2Fpixel%3Fid%3D%24%7BTA_DEVICE_ID%7D%26partner%3DTAPAD:0
[   16212ms] [ERROR] Failed to load resource: net::ERR_NAME_NOT_RESOLVED @ https://px.ads.linkedin.com/db_sync?pid=15927&puuid=Jj9VgGoKazUn%2BrqjdGUeRQ%3D%3D&us_privacy=&_rand=1779067701922.2:0
[   13000ms] [ERROR] Failed to load resource: net::ERR_NAME_NOT_RESOLVED @ https://dps.jp.cinarra.com/pxd?PLATFORM_ID=1&USER_ID=cf753ffd-5d82-8789-f471-f1d6bf256417:0
[   13014ms] [ERROR] Failed to load resource: net::ERR_CONNECTION_REFUSED @ https://cs.nex8.net/cs/openx:0
[   13477ms] [ERROR] Failed to load resource: net::ERR_NAME_NOT_RESOLVED @ https://match.rundsp.com/redirect?ex=openx:0
[   13478ms] [ERROR] Failed to load resource: net::ERR_NAME_NOT_RESOLVED @ https://i.w55c.net/ping_match.gif?ei=OPENX&rurl=https%3A%2F%2Fus-u.openx.net%2Fw%2F1.0%2Fsd%3Fid%3D537072979%26val%3D_wfivefivec_:0
[   17022ms] [ERROR] Failed to load resource: net::ERR_NAME_NOT_RESOLVED @ https://j.mrpdata.net/c.html?ex=OpenX:0
[   17880ms] [ERROR] Failed to load resource: net::ERR_NAME_NOT_RESOLVED @ https://cm-exchange.toast.com/bi/pixel?cm_mid=1285568805&toast_push:0
[   11294ms] [ERROR] Failed to load resource: net::ERR_NAME_NOT_RESOLVED @ https://pixel.rubiconproject.com/tap.php?v=223352&nid=4584&put=mOriQHSyhXNjYZu1NqA1A9iGfF9Wf46ECCZseCiBJEU:0
[   11696ms] [ERROR] Failed to load resource: net::ERR_NAME_NOT_RESOLVED @ https://pixel.rubiconproject.com/tap.php?v=223352&nid=4584&put=mOriQHSyhXNjYZu1NqA1A9iGfF9Wf46ECCZseCiBJEU:0
[   12723ms] [ERROR] Failed to load resource: the server responded with a status of 424 (Failed Dependency) @ https://t.adx.opera.com/pub/sync?pubid=pub10101531197440&gdpr=1&gdpr_consent=:0
[   12915ms] [ERROR] Failed to load resource: net::ERR_NAME_NOT_RESOLVED @ https://pixel.rubiconproject.com/tap.php?v=223352&nid=4584&put=mOriQHSyhXNjYZu1NqA1A9iGfF9Wf46ECCZseCiBJEU:0
[   13046ms] [ERROR] Failed to load resource: the server responded with a status of 424 (Failed Dependency) @ https://t.adx.opera.com/pub/sync?pubid=pub10101531197440&gdpr=1&gdpr_consent=:0
[   14086ms] [ERROR] Failed to load resource: the server responded with a status of 424 (Failed Dependency) @ https://t.adx.opera.com/pub/sync?pubid=pub10101531197440&gdpr=1&gdpr_consent=:0
[   14351ms] [ERROR] Failed to load resource: net::ERR_NAME_NOT_RESOLVED @ https://pixel.rubiconproject.com/tap.php?v=223352&nid=4584&put=mOriQHSyhXNjYZu1NqA1A9iGfF9Wf46ECCZseCiBJEU:0
[   15723ms] [ERROR] Failed to load resource: net::ERR_HTTP2_SERVER_REFUSED_STREAM @ https://cs.admanmedia.com/73c1e1bfc3bde354d60b80e601ae3914.gif?puid=[UID]&redir=https%3A%2F%2Fonetag-sys.com%2Fmatch%2F%3Fint_id%3D164%26gdpr%3D0%26gdpr_consent%3D%26uid%3D%5BUID%5D&gdpr=0&gdpr_consent=&ccpa=1YN-&coppa=:0
[   16366ms] [ERROR] Failed to load resource: net::ERR_NAME_NOT_RESOLVED @ https://pixel.rubiconproject.com/tap.php?v=223352&nid=4584&put=mOriQHSyhXNjYZu1NqA1A9iGfF9Wf46ECCZseCiBJEU:0
[   17094ms] [ERROR] Failed to load resource: net::ERR_HTTP2_SERVER_REFUSED_STREAM @ https://cs.admanmedia.com/73c1e1bfc3bde354d60b80e601ae3914.gif?puid=[UID]&redir=https%3A%2F%2Fonetag-sys.com%2Fmatch%2F%3Fint_id%3D164%26gdpr%3D1%26gdpr_consent%3D%26uid%3D%5BUID%5D&gdpr=1&gdpr_consent=&ccpa=&coppa=:0
[   18088ms] [ERROR] Failed to load resource: net::ERR_HTTP2_SERVER_REFUSED_STREAM @ https://cs.admanmedia.com/73c1e1bfc3bde354d60b80e601ae3914.gif?puid=[UID]&redir=https%3A%2F%2Fonetag-sys.com%2Fmatch%2F%3Fint_id%3D164%26gdpr%3D0%26gdpr_consent%3D%26uid%3D%5BUID%5D&gdpr=0&gdpr_consent=&ccpa=&coppa=:0
[   18114ms] [ERROR] Failed to load resource: the server responded with a status of 424 (Failed Dependency) @ https://t.adx.opera.com/pub/sync?pubid=pub10101531197440&gdpr=1&gdpr_consent=:0
[   18323ms] [ERROR] Failed to load resource: the server responded with a status of 424 (Failed Dependency) @ https://t.adx.opera.com/pub/sync?pubid=pub10101531197440&gdpr=1&gdpr_consent=:0
[   20104ms] [ERROR] Failed to load resource: the server responded with a status of 424 (Failed Dependency) @ https://t.adx.opera.com/pub/sync?pubid=pub10101531197440&gdpr=1&gdpr_consent=:0
[   13000ms] [ERROR] Failed to load resource: net::ERR_NAME_NOT_RESOLVED @ https://dps.jp.cinarra.com/pxd?PLATFORM_ID=1&USER_ID=cf753ffd-5d82-8789-f471-f1d6bf256417:0
[   13014ms] [ERROR] Failed to load resource: net::ERR_CONNECTION_REFUSED @ https://cs.nex8.net/cs/openx:0
[   13477ms] [ERROR] Failed to load resource: net::ERR_NAME_NOT_RESOLVED @ https://match.rundsp.com/redirect?ex=openx:0
[   13478ms] [ERROR] Failed to load resource: net::ERR_NAME_NOT_RESOLVED @ https://i.w55c.net/ping_match.gif?ei=OPENX&rurl=https%3A%2F%2Fus-u.openx.net%2Fw%2F1.0%2Fsd%3Fid%3D537072979%26val%3D_wfivefivec_:0
[   17022ms] [ERROR] Failed to load resource: net::ERR_NAME_NOT_RESOLVED @ https://j.mrpdata.net/c.html?ex=OpenX:0
[   17880ms] [ERROR] Failed to load resource: net::ERR_NAME_NOT_RESOLVED @ https://cm-exchange.toast.com/bi/pixel?cm_mid=1285568805&toast_push:0
[   12915ms] [ERROR] Failed to load resource: net::ERR_NAME_NOT_RESOLVED @ https://pixel.rubiconproject.com/token?pid=52948:0
[   12915ms] [ERROR] Failed to load resource: net::ERR_NAME_NOT_RESOLVED @ https://pixel.rubiconproject.com/exchange/sync.php?p=a9us:0
[   13262ms] [ERROR] Failed to load resource: net::ERR_NAME_NOT_RESOLVED @ https://pixel.rubiconproject.com/exchange/sync.php?p=pbs-apn:0
[   13262ms] [ERROR] Failed to load resource: net::ERR_NAME_NOT_RESOLVED @ https://pixel.rubiconproject.com/tap.php?v=8981&nid=2307&put=4fde19af-6af6-47b7-9250-0f861c66b597&gdpr=0&gdpr_consent=&expires=30:0
[   13262ms] [ERROR] Failed to load resource: net::ERR_NAME_NOT_RESOLVED @ https://pixel.rubiconproject.com/tap.php?v=7751&nid=2249&expires=30&put=CAESEFp_4baQm7249gSHgmVDPfw&google_cver=1:0
[   13263ms] [ERROR] Failed to load resource: net::ERR_NAME_NOT_RESOLVED @ https://pixel.rubiconproject.com/tap.php?v=31950&nid=2974&put=y-4DZ5_ztE2oIN4tq91rZawYXaOqTZSUIF2Bp.jg--~A:0
[   13263ms] [ERROR] Failed to load resource: net::ERR_NAME_NOT_RESOLVED @ https://pixel.rubiconproject.com/exchange/sync.php?p=19564:0
[   13358ms] [ERROR] Failed to load resource: net::ERR_NAME_NOT_RESOLVED @ https://pixel.rubiconproject.com/exchange/sync.php?p=dfp&google_gid=CAESEIUUtMfL_lKUNC8SXtWWxHc&google_cver=1:0
[   13358ms] [ERROR] Failed to load resource: net::ERR_NAME_NOT_RESOLVED @ https://pixel.rubiconproject.com/exchange/sync.php?p=pbs-adaptmx:0
[   13358ms] [ERROR] Failed to load resource: net::ERR_NAME_NOT_RESOLVED @ https://pixel.rubiconproject.com/exchange/sync.php?p=pbs-yahoo-exchange:0
[   13362ms] [ERROR] Failed to load resource: net::ERR_NAME_NOT_RESOLVED @ https://px.ads.linkedin.com/setuid?partner=rubiconDb&dbredirect=true&ruxId=MPAIZ3CM-15-KS08:0
[   14352ms] [ERROR] Failed to load resource: net::ERR_NAME_NOT_RESOLVED @ https://pixel.rubiconproject.com/tap.php?v=183462&nid=4114&put=AAfA9U7UFNYAAADEqxIEbA&expires=30:0
[   16366ms] [ERROR] Failed to load resource: net::ERR_NAME_NOT_RESOLVED @ https://pixel.rubiconproject.com/exchange/sync.php?p=ogury&gdpr_consent=&khaos=MPAIZ3CM-15-KS08:0
[   14889ms] [ERROR] Failed to load resource: net::ERR_NAME_NOT_RESOLVED @ https://pixel.tapad.com/idsync/ex/receive?partner_id=3371&partner_device_id=67D23431-16D6-478D-B3D0-FAEDF4462BCE:0
[   16797ms] [ERROR] Failed to load resource: net::ERR_NAME_NOT_RESOLVED @ https://pixel.tapad.com/idsync/ex/receive?partner_id=3371&partner_device_id=67D23431-16D6-478D-B3D0-FAEDF4462BCE:0
[   14889ms] [ERROR] Failed to load resource: net::ERR_NAME_NOT_RESOLVED @ https://pixel.tapad.com/idsync/ex/receive?partner_id=3371&partner_device_id=67D23431-16D6-478D-B3D0-FAEDF4462BCE:0
[   16797ms] [ERROR] Failed to load resource: net::ERR_NAME_NOT_RESOLVED @ https://pixel.tapad.com/idsync/ex/receive?partner_id=3371&partner_device_id=67D23431-16D6-478D-B3D0-FAEDF4462BCE:0
[   12915ms] [ERROR] Failed to load resource: net::ERR_NAME_NOT_RESOLVED @ https://pixel.rubiconproject.com/token?pid=52948:0
[   12915ms] [ERROR] Failed to load resource: net::ERR_NAME_NOT_RESOLVED @ https://pixel.rubiconproject.com/exchange/sync.php?p=a9us:0
[   13262ms] [ERROR] Failed to load resource: net::ERR_NAME_NOT_RESOLVED @ https://pixel.rubiconproject.com/exchange/sync.php?p=pbs-apn:0
[   13262ms] [ERROR] Failed to load resource: net::ERR_NAME_NOT_RESOLVED @ https://pixel.rubiconproject.com/tap.php?v=8981&nid=2307&put=4fde19af-6af6-47b7-9250-0f861c66b597&gdpr=0&gdpr_consent=&expires=30:0
[   13262ms] [ERROR] Failed to load resource: net::ERR_NAME_NOT_RESOLVED @ https://pixel.rubiconproject.com/tap.php?v=7751&nid=2249&expires=30&put=CAESEFp_4baQm7249gSHgmVDPfw&google_cver=1:0
[   13263ms] [ERROR] Failed to load resource: net::ERR_NAME_NOT_RESOLVED @ https://pixel.rubiconproject.com/tap.php?v=31950&nid=2974&put=y-4DZ5_ztE2oIN4tq91rZawYXaOqTZSUIF2Bp.jg--~A:0
[   13263ms] [ERROR] Failed to load resource: net::ERR_NAME_NOT_RESOLVED @ https://pixel.rubiconproject.com/exchange/sync.php?p=19564:0
[   13358ms] [ERROR] Failed to load resource: net::ERR_NAME_NOT_RESOLVED @ https://pixel.rubiconproject.com/exchange/sync.php?p=dfp&google_gid=CAESEIUUtMfL_lKUNC8SXtWWxHc&google_cver=1:0
[   13358ms] [ERROR] Failed to load resource: net::ERR_NAME_NOT_RESOLVED @ https://pixel.rubiconproject.com/exchange/sync.php?p=pbs-adaptmx:0
[   13358ms] [ERROR] Failed to load resource: net::ERR_NAME_NOT_RESOLVED @ https://pixel.rubiconproject.com/exchange/sync.php?p=pbs-yahoo-exchange:0
[   13362ms] [ERROR] Failed to load resource: net::ERR_NAME_NOT_RESOLVED @ https://px.ads.linkedin.com/setuid?partner=rubiconDb&dbredirect=true&ruxId=MPAIZ3CM-15-KS08:0
[   14352ms] [ERROR] Failed to load resource: net::ERR_NAME_NOT_RESOLVED @ https://pixel.rubiconproject.com/tap.php?v=183462&nid=4114&put=AAfA9U7UFNYAAADEqxIEbA&expires=30:0
[   16366ms] [ERROR] Failed to load resource: net::ERR_NAME_NOT_RESOLVED @ https://pixel.rubiconproject.com/exchange/sync.php?p=ogury&gdpr_consent=&khaos=MPAIZ3CM-15-KS08:0
[   12915ms] [ERROR] Failed to load resource: net::ERR_NAME_NOT_RESOLVED @ https://pixel.rubiconproject.com/token?pid=52948:0
[   12915ms] [ERROR] Failed to load resource: net::ERR_NAME_NOT_RESOLVED @ https://pixel.rubiconproject.com/exchange/sync.php?p=a9us:0
[   13262ms] [ERROR] Failed to load resource: net::ERR_NAME_NOT_RESOLVED @ https://pixel.rubiconproject.com/exchange/sync.php?p=pbs-apn:0
[   13262ms] [ERROR] Failed to load resource: net::ERR_NAME_NOT_RESOLVED @ https://pixel.rubiconproject.com/tap.php?v=8981&nid=2307&put=4fde19af-6af6-47b7-9250-0f861c66b597&gdpr=0&gdpr_consent=&expires=30:0
[   13262ms] [ERROR] Failed to load resource: net::ERR_NAME_NOT_RESOLVED @ https://pixel.rubiconproject.com/tap.php?v=7751&nid=2249&expires=30&put=CAESEFp_4baQm7249gSHgmVDPfw&google_cver=1:0
[   13263ms] [ERROR] Failed to load resource: net::ERR_NAME_NOT_RESOLVED @ https://pixel.rubiconproject.com/tap.php?v=31950&nid=2974&put=y-4DZ5_ztE2oIN4tq91rZawYXaOqTZSUIF2Bp.jg--~A:0
[   13263ms] [ERROR] Failed to load resource: net::ERR_NAME_NOT_RESOLVED @ https://pixel.rubiconproject.com/exchange/sync.php?p=19564:0
[   13358ms] [ERROR] Failed to load resource: net::ERR_NAME_NOT_RESOLVED @ https://pixel.rubiconproject.com/exchange/sync.php?p=dfp&google_gid=CAESEIUUtMfL_lKUNC8SXtWWxHc&google_cver=1:0
[   13358ms] [ERROR] Failed to load resource: net::ERR_NAME_NOT_RESOLVED @ https://pixel.rubiconproject.com/exchange/sync.php?p=pbs-adaptmx:0
[   13358ms] [ERROR] Failed to load resource: net::ERR_NAME_NOT_RESOLVED @ https://pixel.rubiconproject.com/exchange/sync.php?p=pbs-yahoo-exchange:0
[   13362ms] [ERROR] Failed to load resource: net::ERR_NAME_NOT_RESOLVED @ https://px.ads.linkedin.com/setuid?partner=rubiconDb&dbredirect=true&ruxId=MPAIZ3CM-15-KS08:0
[   14352ms] [ERROR] Failed to load resource: net::ERR_NAME_NOT_RESOLVED @ https://pixel.rubiconproject.com/tap.php?v=183462&nid=4114&put=AAfA9U7UFNYAAADEqxIEbA&expires=30:0
[   16366ms] [ERROR] Failed to load resource: net::ERR_NAME_NOT_RESOLVED @ https://pixel.rubiconproject.com/exchange/sync.php?p=ogury&gdpr_consent=&khaos=MPAIZ3CM-15-KS08:0
[   20914ms] [ERROR] Failed to load resource: the server responded with a status of 400 () @ https://match.prod.bidr.io/cookie-sync/see:0
[   12915ms] [ERROR] Failed to load resource: net::ERR_NAME_NOT_RESOLVED @ https://pixel.rubiconproject.com/token?pid=52948:0
[   12915ms] [ERROR] Failed to load resource: net::ERR_NAME_NOT_RESOLVED @ https://pixel.rubiconproject.com/exchange/sync.php?p=a9us:0
[   13262ms] [ERROR] Failed to load resource: net::ERR_NAME_NOT_RESOLVED @ https://pixel.rubiconproject.com/exchange/sync.php?p=pbs-apn:0
[   13262ms] [ERROR] Failed to load resource: net::ERR_NAME_NOT_RESOLVED @ https://pixel.rubiconproject.com/tap.php?v=8981&nid=2307&put=4fde19af-6af6-47b7-9250-0f861c66b597&gdpr=0&gdpr_consent=&expires=30:0
[   13262ms] [ERROR] Failed to load resource: net::ERR_NAME_NOT_RESOLVED @ https://pixel.rubiconproject.com/tap.php?v=7751&nid=2249&expires=30&put=CAESEFp_4baQm7249gSHgmVDPfw&google_cver=1:0
[   13263ms] [ERROR] Failed to load resource: net::ERR_NAME_NOT_RESOLVED @ https://pixel.rubiconproject.com/tap.php?v=31950&nid=2974&put=y-4DZ5_ztE2oIN4tq91rZawYXaOqTZSUIF2Bp.jg--~A:0
[   13263ms] [ERROR] Failed to load resource: net::ERR_NAME_NOT_RESOLVED @ https://pixel.rubiconproject.com/exchange/sync.php?p=19564:0
[   13358ms] [ERROR] Failed to load resource: net::ERR_NAME_NOT_RESOLVED @ https://pixel.rubiconproject.com/exchange/sync.php?p=dfp&google_gid=CAESEIUUtMfL_lKUNC8SXtWWxHc&google_cver=1:0
[   13358ms] [ERROR] Failed to load resource: net::ERR_NAME_NOT_RESOLVED @ https://pixel.rubiconproject.com/exchange/sync.php?p=pbs-adaptmx:0
[   13358ms] [ERROR] Failed to load resource: net::ERR_NAME_NOT_RESOLVED @ https://pixel.rubiconproject.com/exchange/sync.php?p=pbs-yahoo-exchange:0
[   13362ms] [ERROR] Failed to load resource: net::ERR_NAME_NOT_RESOLVED @ https://px.ads.linkedin.com/setuid?partner=rubiconDb&dbredirect=true&ruxId=MPAIZ3CM-15-KS08:0
[   14352ms] [ERROR] Failed to load resource: net::ERR_NAME_NOT_RESOLVED @ https://pixel.rubiconproject.com/tap.php?v=183462&nid=4114&put=AAfA9U7UFNYAAADEqxIEbA&expires=30:0
[   16366ms] [ERROR] Failed to load resource: net::ERR_NAME_NOT_RESOLVED @ https://pixel.rubiconproject.com/exchange/sync.php?p=ogury&gdpr_consent=&khaos=MPAIZ3CM-15-KS08:0
[   11294ms] [ERROR] Failed to load resource: net::ERR_NAME_NOT_RESOLVED @ https://pixel.rubiconproject.com/tap.php?v=223352&nid=4584&put=mOriQHSyhXNjYZu1NqA1A9iGfF9Wf46ECCZseCiBJEU:0
[   11696ms] [ERROR] Failed to load resource: net::ERR_NAME_NOT_RESOLVED @ https://pixel.rubiconproject.com/tap.php?v=223352&nid=4584&put=mOriQHSyhXNjYZu1NqA1A9iGfF9Wf46ECCZseCiBJEU:0
[   12723ms] [ERROR] Failed to load resource: the server responded with a status of 424 (Failed Dependency) @ https://t.adx.opera.com/pub/sync?pubid=pub10101531197440&gdpr=1&gdpr_consent=:0
[   12915ms] [ERROR] Failed to load resource: net::ERR_NAME_NOT_RESOLVED @ https://pixel.rubiconproject.com/tap.php?v=223352&nid=4584&put=mOriQHSyhXNjYZu1NqA1A9iGfF9Wf46ECCZseCiBJEU:0
[   13046ms] [ERROR] Failed to load resource: the server responded with a status of 424 (Failed Dependency) @ https://t.adx.opera.com/pub/sync?pubid=pub10101531197440&gdpr=1&gdpr_consent=:0
[   14086ms] [ERROR] Failed to load resource: the server responded with a status of 424 (Failed Dependency) @ https://t.adx.opera.com/pub/sync?pubid=pub10101531197440&gdpr=1&gdpr_consent=:0
[   14351ms] [ERROR] Failed to load resource: net::ERR_NAME_NOT_RESOLVED @ https://pixel.rubiconproject.com/tap.php?v=223352&nid=4584&put=mOriQHSyhXNjYZu1NqA1A9iGfF9Wf46ECCZseCiBJEU:0
[   15723ms] [ERROR] Failed to load resource: net::ERR_HTTP2_SERVER_REFUSED_STREAM @ https://cs.admanmedia.com/73c1e1bfc3bde354d60b80e601ae3914.gif?puid=[UID]&redir=https%3A%2F%2Fonetag-sys.com%2Fmatch%2F%3Fint_id%3D164%26gdpr%3D0%26gdpr_consent%3D%26uid%3D%5BUID%5D&gdpr=0&gdpr_consent=&ccpa=1YN-&coppa=:0
[   16366ms] [ERROR] Failed to load resource: net::ERR_NAME_NOT_RESOLVED @ https://pixel.rubiconproject.com/tap.php?v=223352&nid=4584&put=mOriQHSyhXNjYZu1NqA1A9iGfF9Wf46ECCZseCiBJEU:0
[   17094ms] [ERROR] Failed to load resource: net::ERR_HTTP2_SERVER_REFUSED_STREAM @ https://cs.admanmedia.com/73c1e1bfc3bde354d60b80e601ae3914.gif?puid=[UID]&redir=https%3A%2F%2Fonetag-sys.com%2Fmatch%2F%3Fint_id%3D164%26gdpr%3D1%26gdpr_consent%3D%26uid%3D%5BUID%5D&gdpr=1&gdpr_consent=&ccpa=&coppa=:0
[   18088ms] [ERROR] Failed to load resource: net::ERR_HTTP2_SERVER_REFUSED_STREAM @ https://cs.admanmedia.com/73c1e1bfc3bde354d60b80e601ae3914.gif?puid=[UID]&redir=https%3A%2F%2Fonetag-sys.com%2Fmatch%2F%3Fint_id%3D164%26gdpr%3D0%26gdpr_consent%3D%26uid%3D%5BUID%5D&gdpr=0&gdpr_consent=&ccpa=&coppa=:0
[   18114ms] [ERROR] Failed to load resource: the server responded with a status of 424 (Failed Dependency) @ https://t.adx.opera.com/pub/sync?pubid=pub10101531197440&gdpr=1&gdpr_consent=:0
[   18323ms] [ERROR] Failed to load resource: the server responded with a status of 424 (Failed Dependency) @ https://t.adx.opera.com/pub/sync?pubid=pub10101531197440&gdpr=1&gdpr_consent=:0
[   20104ms] [ERROR] Failed to load resource: the server responded with a status of 424 (Failed Dependency) @ https://t.adx.opera.com/pub/sync?pubid=pub10101531197440&gdpr=1&gdpr_consent=:0
[   20977ms] [ERROR] Failed to load resource: net::ERR_NAME_NOT_RESOLVED @ https://cs.iqzone.com/6f0476ca45e1d6b67e3ee8d57532a022.gif?redir=https%3A%2F%2Fsync.cootlogix.com%2Fapi%2Fcookie%3FpartnerId%3Diqzone%26gdpr%3D%26gdpr_consent%3D%26us_privacy%3D%26userId%3D%5BUID%5D&gdpr=&gdpr_consent=&ccpa=:0
[   21134ms] [ERROR] Failed to load resource: net::ERR_HTTP2_SERVER_REFUSED_STREAM @ https://cs.admanmedia.com/73c1e1bfc3bde354d60b80e601ae3914.gif?puid=[UID]&redir=https%3A%2F%2Fonetag-sys.com%2Fmatch%2F%3Fint_id%3D164%26gdpr%3D1%26gdpr_consent%3D%26uid%3D%5BUID%5D&gdpr=1&gdpr_consent=&ccpa=&coppa=:0
[   21154ms] [ERROR] Failed to load resource: the server responded with a status of 404 (Not Found) @ https://us4.shb-sync.com/a760a5a7-e35e-49b8-9f5e-723455346741.gif?puid=f826e45c-c7fd-0123-329e-f78947ef4814&gdpr=&gdpr_consent=ccpa=:0
[   20914ms] [ERROR] Failed to load resource: the server responded with a status of 400 () @ https://match.prod.bidr.io/cookie-sync/see:0
[   21157ms] [ERROR] Failed to load resource: the server responded with a status of 400 () @ https://match.prod.bidr.io/cookie-sync/see:0
[   21244ms] [ERROR] Failed to load resource: net::ERR_NAME_NOT_RESOLVED @ https://sync.colossusssp.com/vdz.gif?puid=f826e45c-c7fd-0123-329e-f78947ef4814&redir=https%3A%2F%2Fsync.cootlogix.com%2Fapi%2Fcookie%3FpartnerId%3Dcolossus%26gdpr%3D%26gdpr_consent%3D%26us_privacy%3D%26userId%3D%5BUID%5D:0
[   12767ms] [ERROR] Failed to load resource: net::ERR_NAME_NOT_RESOLVED @ https://sync.adotmob.com/cookie/smart?r=https%3A%2F%2Frtb-csync.smartadserver.com%2Fredir%2F%3Fissi%3D1%26partnerid%3D66%26partneruserid%3D%7Bamob_user_id%7D:0
[   13762ms] [ERROR] Failed to load resource: net::ERR_NAME_NOT_RESOLVED @ https://s.company-target.com/s/eqx?sspurl=https%3A%2F%2Frtb-csync.smartadserver.com%2Fredir%2F%3Fissi%3D1%26partnerid%3D152%26partneruserid%3DPARTNER_USER_ID:0
[   15722ms] [ERROR] Failed to load resource: net::ERR_HTTP2_SERVER_REFUSED_STREAM @ https://cs.admanmedia.com/e09bad714a425a93d6dea503dcf9c528.gif?redir=https%3A%2F%2Frtb-csync.smartadserver.com%2Fredir%2F%3Fissi%3D1%26partnerid%3D130%26partneruserid%3D%5BUID%5D%26gdpr%3D%5BGDPR%5D%26gdpr_consent%3D%5BGDPR_CONSENT%5D:0
[   12767ms] [ERROR] Failed to load resource: net::ERR_NAME_NOT_RESOLVED @ https://sync.adotmob.com/cookie/smart?r=https%3A%2F%2Frtb-csync.smartadserver.com%2Fredir%2F%3Fissi%3D1%26partnerid%3D66%26partneruserid%3D%7Bamob_user_id%7D:0
[   13762ms] [ERROR] Failed to load resource: net::ERR_NAME_NOT_RESOLVED @ https://s.company-target.com/s/eqx?sspurl=https%3A%2F%2Frtb-csync.smartadserver.com%2Fredir%2F%3Fissi%3D1%26partnerid%3D152%26partneruserid%3DPARTNER_USER_ID:0
[   15722ms] [ERROR] Failed to load resource: net::ERR_HTTP2_SERVER_REFUSED_STREAM @ https://cs.admanmedia.com/e09bad714a425a93d6dea503dcf9c528.gif?redir=https%3A%2F%2Frtb-csync.smartadserver.com%2Fredir%2F%3Fissi%3D1%26partnerid%3D130%26partneruserid%3D%5BUID%5D%26gdpr%3D%5BGDPR%5D%26gdpr_consent%3D%5BGDPR_CONSENT%5D:0
[   21333ms] [ERROR] Failed to load resource: net::ERR_NAME_NOT_RESOLVED @ https://sync.ottadvisors.com/6f0476ca45e1d6b67e3ee8d57532a022.gif?&us_privacy=&gdpr=&gdpr_consent=&gpp=&gpp_sid=&puid=f826e45c-c7fd-0123-329e-f78947ef4814&redir=https%3A%2F%2Fsync.cootlogix.com%2Fapi%2Fcookie%3FpartnerId%3Dott%26userId%3D%5BUID%5D%26gdpr%3D%5BGDPR%5D%26gdpr_consent%3D%5BGDPR_CONSENT%5D%26us_privacy%3D%5BCCPA%5D%26coppa%3D%5BCOPPA%5D%26gpp%3D%5BGPP%5D%26gpp_sid%3D%5BGPP_SID%5D:0
[   22024ms] [ERROR] Failed to load resource: net::ERR_HTTP2_SERVER_REFUSED_STREAM @ https://cs.admanmedia.com/f6840be316cff8120b331878d1e34728.gif?puid=[UID]&redir=https%3A%2F%2Fce.lijit.com%2Fmerge%3Fpid%3D122%263pid%3D%5BUID%5D&gdpr=0&gdpr_consent=:0
[   22024ms] [ERROR] Failed to load resource: net::ERR_HTTP2_SERVER_REFUSED_STREAM @ https://cs.admanmedia.com/73c1e1bfc3bde354d60b80e601ae3914.gif?puid=[UID]&redir=https%3A%2F%2Fonetag-sys.com%2Fmatch%2F%3Fint_id%3D164%26gdpr%3D0%26gdpr_consent%3D%26uid%3D%5BUID%5D&gdpr=0&gdpr_consent=&ccpa=&coppa=:0
[   11295ms] [ERROR] Failed to load resource: net::ERR_NAME_NOT_RESOLVED @ https://pixel.rubiconproject.com/exchange/sync.php?p=pbs-adaptmx&us_privacy=1---:0
[   13262ms] [ERROR] Failed to load resource: net::ERR_NAME_NOT_RESOLVED @ https://pixel.rubiconproject.com/exchange/sync.php?p=pbs-adaptmx&:0
[   13358ms] [ERROR] Failed to load resource: net::ERR_NAME_NOT_RESOLVED @ https://pixel.rubiconproject.com/exchange/sync.php?p=pbs-adaptmx&:0
[   13712ms] [ERROR] Failed to load resource: net::ERR_NAME_NOT_RESOLVED @ https://pixel.rubiconproject.com/exchange/sync.php?p=pbs-adaptmx&:0
[   22472ms] [ERROR] Failed to load resource: the server responded with a status of 424 (Failed Dependency) @ https://t.adx.opera.com/pub/sync?pubid=pub10101531197440&gdpr=1&gdpr_consent=:0
[   22685ms] [ERROR] Failed to load resource: the server responded with a status of 424 (Failed Dependency) @ https://t.adx.opera.com/pub/sync?pubid=pub10101531197440&gdpr=1&gdpr_consent=:0
[   14348ms] [ERROR] Failed to load resource: net::ERR_NAME_NOT_RESOLVED @ https://pixel.tapad.com/idsync/ex/receive?partner_id=1388&partner_device_id=Jj9VgGoKazUn%2BrqjdGUeRQ%3D%3D&us_privacy=&random=1779067701834.3&redirect=https%3A%2F%2Fthinkcxad.azurewebsites.net%2Fapi%2Fpixel%3Fid%3D%24%7BTA_DEVICE_ID%7D%26partner%3DTAPAD:0
[   14351ms] [ERROR] Failed to load resource: net::ERR_NAME_NOT_RESOLVED @ https://pixel.tapad.com/idsync/ex/receive?partner_id=1388&partner_device_id=Jj9VgGoKazUn%2BrqjdGUeRQ%3D%3D&us_privacy=&random=1779067701922.3&redirect=https%3A%2F%2Fthinkcxad.azurewebsites.net%2Fapi%2Fpixel%3Fid%3D%24%7BTA_DEVICE_ID%7D%26partner%3DTAPAD:0
[   14476ms] [ERROR] Failed to load resource: net::ERR_NAME_NOT_RESOLVED @ https://px.ads.linkedin.com/db_sync?pid=15927&puuid=Jj9VgGoKazUn%2BrqjdGUeRQ%3D%3D&us_privacy=&_rand=1779067701922.2:0
[   14481ms] [ERROR] Failed to load resource: net::ERR_NAME_NOT_RESOLVED @ https://px.ads.linkedin.com/db_sync?pid=15927&puuid=Jj9VgGoKazUn%2BrqjdGUeRQ%3D%3D&us_privacy=&_rand=1779067701834.2:0
[   14878ms] [ERROR] Failed to load resource: net::ERR_NAME_NOT_RESOLVED @ https://pixel.tapad.com/idsync/ex/receive?partner_id=1388&partner_device_id=Jj9VgGoKazUn%2BrqjdGUeRQ%3D%3D&us_privacy=&random=1779067701922.3&redirect=https%3A%2F%2Fthinkcxad.azurewebsites.net%2Fapi%2Fpixel%3Fid%3D%24%7BTA_DEVICE_ID%7D%26partner%3DTAPAD:0
[   16212ms] [ERROR] Failed to load resource: net::ERR_NAME_NOT_RESOLVED @ https://px.ads.linkedin.com/db_sync?pid=15927&puuid=Jj9VgGoKazUn%2BrqjdGUeRQ%3D%3D&us_privacy=&_rand=1779067701922.2:0
[   20268ms] [ERROR] Failed to load resource: net::ERR_NAME_NOT_RESOLVED @ https://sync.colossusssp.com/vdz.gif?puid=f826e45c-c7fd-0123-329e-f78947ef4814&redir=https%3A%2F%2Fsync.cootlogix.com%2Fapi%2Fcookie%3FpartnerId%3Dcolossus%26gdpr%3D%26gdpr_consent%3D%26us_privacy%3D%26userId%3D%5BUID%5D:0
[   20977ms] [ERROR] Failed to load resource: net::ERR_NAME_NOT_RESOLVED @ https://cs.iqzone.com/6f0476ca45e1d6b67e3ee8d57532a022.gif?redir=https%3A%2F%2Fsync.cootlogix.com%2Fapi%2Fcookie%3FpartnerId%3Diqzone%26gdpr%3D%26gdpr_consent%3D%26us_privacy%3D%26userId%3D%5BUID%5D&gdpr=&gdpr_consent=&ccpa=:0
[   21154ms] [ERROR] Failed to load resource: the server responded with a status of 404 (Not Found) @ https://us4.shb-sync.com/a760a5a7-e35e-49b8-9f5e-723455346741.gif?puid=f826e45c-c7fd-0123-329e-f78947ef4814&gdpr=&gdpr_consent=ccpa=:0
[   21244ms] [ERROR] Failed to load resource: net::ERR_NAME_NOT_RESOLVED @ https://sync.colossusssp.com/vdz.gif?puid=f826e45c-c7fd-0123-329e-f78947ef4814&redir=https%3A%2F%2Fsync.cootlogix.com%2Fapi%2Fcookie%3FpartnerId%3Dcolossus%26gdpr%3D%26gdpr_consent%3D%26us_privacy%3D%26userId%3D%5BUID%5D:0
[   21333ms] [ERROR] Failed to load resource: net::ERR_NAME_NOT_RESOLVED @ https://sync.ottadvisors.com/6f0476ca45e1d6b67e3ee8d57532a022.gif?&us_privacy=&gdpr=&gdpr_consent=&gpp=&gpp_sid=&puid=f826e45c-c7fd-0123-329e-f78947ef4814&redir=https%3A%2F%2Fsync.cootlogix.com%2Fapi%2Fcookie%3FpartnerId%3Dott%26userId%3D%5BUID%5D%26gdpr%3D%5BGDPR%5D%26gdpr_consent%3D%5BGDPR_CONSENT%5D%26us_privacy%3D%5BCCPA%5D%26coppa%3D%5BCOPPA%5D%26gpp%3D%5BGPP%5D%26gpp_sid%3D%5BGPP_SID%5D:0
[   20268ms] [ERROR] Failed to load resource: net::ERR_NAME_NOT_RESOLVED @ https://sync.colossusssp.com/vdz.gif?puid=f826e45c-c7fd-0123-329e-f78947ef4814&redir=https%3A%2F%2Fsync.cootlogix.com%2Fapi%2Fcookie%3FpartnerId%3Dcolossus%26gdpr%3D%26gdpr_consent%3D%26us_privacy%3D%26userId%3D%5BUID%5D:0
[   20977ms] [ERROR] Failed to load resource: net::ERR_NAME_NOT_RESOLVED @ https://cs.iqzone.com/6f0476ca45e1d6b67e3ee8d57532a022.gif?redir=https%3A%2F%2Fsync.cootlogix.com%2Fapi%2Fcookie%3FpartnerId%3Diqzone%26gdpr%3D%26gdpr_consent%3D%26us_privacy%3D%26userId%3D%5BUID%5D&gdpr=&gdpr_consent=&ccpa=:0
[   21154ms] [ERROR] Failed to load resource: the server responded with a status of 404 (Not Found) @ https://us4.shb-sync.com/a760a5a7-e35e-49b8-9f5e-723455346741.gif?puid=f826e45c-c7fd-0123-329e-f78947ef4814&gdpr=&gdpr_consent=ccpa=:0
[   21244ms] [ERROR] Failed to load resource: net::ERR_NAME_NOT_RESOLVED @ https://sync.colossusssp.com/vdz.gif?puid=f826e45c-c7fd-0123-329e-f78947ef4814&redir=https%3A%2F%2Fsync.cootlogix.com%2Fapi%2Fcookie%3FpartnerId%3Dcolossus%26gdpr%3D%26gdpr_consent%3D%26us_privacy%3D%26userId%3D%5BUID%5D:0
[   21333ms] [ERROR] Failed to load resource: net::ERR_NAME_NOT_RESOLVED @ https://sync.ottadvisors.com/6f0476ca45e1d6b67e3ee8d57532a022.gif?&us_privacy=&gdpr=&gdpr_consent=&gpp=&gpp_sid=&puid=f826e45c-c7fd-0123-329e-f78947ef4814&redir=https%3A%2F%2Fsync.cootlogix.com%2Fapi%2Fcookie%3FpartnerId%3Dott%26userId%3D%5BUID%5D%26gdpr%3D%5BGDPR%5D%26gdpr_consent%3D%5BGDPR_CONSENT%5D%26us_privacy%3D%5BCCPA%5D%26coppa%3D%5BCOPPA%5D%26gpp%3D%5BGPP%5D%26gpp_sid%3D%5BGPP_SID%5D:0
[   23109ms] [ERROR] Failed to load resource: net::ERR_NAME_NOT_RESOLVED @ https://cs.iqzone.com/6f0476ca45e1d6b67e3ee8d57532a022.gif?redir=https%3A%2F%2Fsync.cootlogix.com%2Fapi%2Fcookie%3FpartnerId%3Diqzone%26gdpr%3D%26gdpr_consent%3D%26us_privacy%3D%26userId%3D%5BUID%5D&gdpr=&gdpr_consent=&ccpa=:0
[   23128ms] [ERROR] Failed to load resource: net::ERR_NAME_NOT_RESOLVED @ https://sync.colossusssp.com/vdz.gif?puid=f826e45c-c7fd-0123-329e-f78947ef4814&redir=https%3A%2F%2Fsync.cootlogix.com%2Fapi%2Fcookie%3FpartnerId%3Dcolossus%26gdpr%3D%26gdpr_consent%3D%26us_privacy%3D%26userId%3D%5BUID%5D:0
[   23131ms] [ERROR] Failed to load resource: net::ERR_NAME_NOT_RESOLVED @ https://sync.ottadvisors.com/6f0476ca45e1d6b67e3ee8d57532a022.gif?&us_privacy=&gdpr=&gdpr_consent=&gpp=&gpp_sid=&puid=f826e45c-c7fd-0123-329e-f78947ef4814&redir=https%3A%2F%2Fsync.cootlogix.com%2Fapi%2Fcookie%3FpartnerId%3Dott%26userId%3D%5BUID%5D%26gdpr%3D%5BGDPR%5D%26gdpr_consent%3D%5BGDPR_CONSENT%5D%26us_privacy%3D%5BCCPA%5D%26coppa%3D%5BCOPPA%5D%26gpp%3D%5BGPP%5D%26gpp_sid%3D%5BGPP_SID%5D:0
[   23141ms] [ERROR] Failed to load resource: net::ERR_NAME_NOT_RESOLVED @ https://cs.iqzone.com/6f0476ca45e1d6b67e3ee8d57532a022.gif?redir=https%3A%2F%2Fsync.cootlogix.com%2Fapi%2Fcookie%3FpartnerId%3Diqzone%26gdpr%3D%26gdpr_consent%3D%26us_privacy%3D%26userId%3D%5BUID%5D&gdpr=&gdpr_consent=&ccpa=:0
[   23192ms] [ERROR] Failed to load resource: net::ERR_NAME_NOT_RESOLVED @ https://sync.colossusssp.com/vdz.gif?puid=f826e45c-c7fd-0123-329e-f78947ef4814&redir=https%3A%2F%2Fsync.cootlogix.com%2Fapi%2Fcookie%3FpartnerId%3Dcolossus%26gdpr%3D%26gdpr_consent%3D%26us_privacy%3D%26userId%3D%5BUID%5D:0
[   23192ms] [ERROR] Failed to load resource: net::ERR_NAME_NOT_RESOLVED @ https://sync.ottadvisors.com/6f0476ca45e1d6b67e3ee8d57532a022.gif?&us_privacy=&gdpr=&gdpr_consent=&gpp=&gpp_sid=&puid=f826e45c-c7fd-0123-329e-f78947ef4814&redir=https%3A%2F%2Fsync.cootlogix.com%2Fapi%2Fcookie%3FpartnerId%3Dott%26userId%3D%5BUID%5D%26gdpr%3D%5BGDPR%5D%26gdpr_consent%3D%5BGDPR_CONSENT%5D%26us_privacy%3D%5BCCPA%5D%26coppa%3D%5BCOPPA%5D%26gpp%3D%5BGPP%5D%26gpp_sid%3D%5BGPP_SID%5D:0
[   20268ms] [ERROR] Failed to load resource: net::ERR_NAME_NOT_RESOLVED @ https://sync.colossusssp.com/vdz.gif?puid=f826e45c-c7fd-0123-329e-f78947ef4814&redir=https%3A%2F%2Fsync.cootlogix.com%2Fapi%2Fcookie%3FpartnerId%3Dcolossus%26gdpr%3D%26gdpr_consent%3D%26us_privacy%3D%26userId%3D%5BUID%5D:0
[   20977ms] [ERROR] Failed to load resource: net::ERR_NAME_NOT_RESOLVED @ https://cs.iqzone.com/6f0476ca45e1d6b67e3ee8d57532a022.gif?redir=https%3A%2F%2Fsync.cootlogix.com%2Fapi%2Fcookie%3FpartnerId%3Diqzone%26gdpr%3D%26gdpr_consent%3D%26us_privacy%3D%26userId%3D%5BUID%5D&gdpr=&gdpr_consent=&ccpa=:0
[   21154ms] [ERROR] Failed to load resource: the server responded with a status of 404 (Not Found) @ https://us4.shb-sync.com/a760a5a7-e35e-49b8-9f5e-723455346741.gif?puid=f826e45c-c7fd-0123-329e-f78947ef4814&gdpr=&gdpr_consent=ccpa=:0
[   21244ms] [ERROR] Failed to load resource: net::ERR_NAME_NOT_RESOLVED @ https://sync.colossusssp.com/vdz.gif?puid=f826e45c-c7fd-0123-329e-f78947ef4814&redir=https%3A%2F%2Fsync.cootlogix.com%2Fapi%2Fcookie%3FpartnerId%3Dcolossus%26gdpr%3D%26gdpr_consent%3D%26us_privacy%3D%26userId%3D%5BUID%5D:0
[   21333ms] [ERROR] Failed to load resource: net::ERR_NAME_NOT_RESOLVED @ https://sync.ottadvisors.com/6f0476ca45e1d6b67e3ee8d57532a022.gif?&us_privacy=&gdpr=&gdpr_consent=&gpp=&gpp_sid=&puid=f826e45c-c7fd-0123-329e-f78947ef4814&redir=https%3A%2F%2Fsync.cootlogix.com%2Fapi%2Fcookie%3FpartnerId%3Dott%26userId%3D%5BUID%5D%26gdpr%3D%5BGDPR%5D%26gdpr_consent%3D%5BGDPR_CONSENT%5D%26us_privacy%3D%5BCCPA%5D%26coppa%3D%5BCOPPA%5D%26gpp%3D%5BGPP%5D%26gpp_sid%3D%5BGPP_SID%5D:0
[   23109ms] [ERROR] Failed to load resource: net::ERR_NAME_NOT_RESOLVED @ https://cs.iqzone.com/6f0476ca45e1d6b67e3ee8d57532a022.gif?redir=https%3A%2F%2Fsync.cootlogix.com%2Fapi%2Fcookie%3FpartnerId%3Diqzone%26gdpr%3D%26gdpr_consent%3D%26us_privacy%3D%26userId%3D%5BUID%5D&gdpr=&gdpr_consent=&ccpa=:0
[   23128ms] [ERROR] Failed to load resource: net::ERR_NAME_NOT_RESOLVED @ https://sync.colossusssp.com/vdz.gif?puid=f826e45c-c7fd-0123-329e-f78947ef4814&redir=https%3A%2F%2Fsync.cootlogix.com%2Fapi%2Fcookie%3FpartnerId%3Dcolossus%26gdpr%3D%26gdpr_consent%3D%26us_privacy%3D%26userId%3D%5BUID%5D:0
[   23131ms] [ERROR] Failed to load resource: net::ERR_NAME_NOT_RESOLVED @ https://sync.ottadvisors.com/6f0476ca45e1d6b67e3ee8d57532a022.gif?&us_privacy=&gdpr=&gdpr_consent=&gpp=&gpp_sid=&puid=f826e45c-c7fd-0123-329e-f78947ef4814&redir=https%3A%2F%2Fsync.cootlogix.com%2Fapi%2Fcookie%3FpartnerId%3Dott%26userId%3D%5BUID%5D%26gdpr%3D%5BGDPR%5D%26gdpr_consent%3D%5BGDPR_CONSENT%5D%26us_privacy%3D%5BCCPA%5D%26coppa%3D%5BCOPPA%5D%26gpp%3D%5BGPP%5D%26gpp_sid%3D%5BGPP_SID%5D:0
[   23141ms] [ERROR] Failed to load resource: net::ERR_NAME_NOT_RESOLVED @ https://cs.iqzone.com/6f0476ca45e1d6b67e3ee8d57532a022.gif?redir=https%3A%2F%2Fsync.cootlogix.com%2Fapi%2Fcookie%3FpartnerId%3Diqzone%26gdpr%3D%26gdpr_consent%3D%26us_privacy%3D%26userId%3D%5BUID%5D&gdpr=&gdpr_consent=&ccpa=:0
[   23192ms] [ERROR] Failed to load resource: net::ERR_NAME_NOT_RESOLVED @ https://sync.colossusssp.com/vdz.gif?puid=f826e45c-c7fd-0123-329e-f78947ef4814&redir=https%3A%2F%2Fsync.cootlogix.com%2Fapi%2Fcookie%3FpartnerId%3Dcolossus%26gdpr%3D%26gdpr_consent%3D%26us_privacy%3D%26userId%3D%5BUID%5D:0
[   23192ms] [ERROR] Failed to load resource: net::ERR_NAME_NOT_RESOLVED @ https://sync.ottadvisors.com/6f0476ca45e1d6b67e3ee8d57532a022.gif?&us_privacy=&gdpr=&gdpr_consent=&gpp=&gpp_sid=&puid=f826e45c-c7fd-0123-329e-f78947ef4814&redir=https%3A%2F%2Fsync.cootlogix.com%2Fapi%2Fcookie%3FpartnerId%3Dott%26userId%3D%5BUID%5D%26gdpr%3D%5BGDPR%5D%26gdpr_consent%3D%5BGDPR_CONSENT%5D%26us_privacy%3D%5BCCPA%5D%26coppa%3D%5BCOPPA%5D%26gpp%3D%5BGPP%5D%26gpp_sid%3D%5BGPP_SID%5D:0
[   12915ms] [ERROR] Failed to load resource: net::ERR_NAME_NOT_RESOLVED @ https://pixel.rubiconproject.com/token?pid=52948:0
[   12915ms] [ERROR] Failed to load resource: net::ERR_NAME_NOT_RESOLVED @ https://pixel.rubiconproject.com/exchange/sync.php?p=a9us:0
[   13262ms] [ERROR] Failed to load resource: net::ERR_NAME_NOT_RESOLVED @ https://pixel.rubiconproject.com/exchange/sync.php?p=pbs-apn:0
[   13262ms] [ERROR] Failed to load resource: net::ERR_NAME_NOT_RESOLVED @ https://pixel.rubiconproject.com/tap.php?v=8981&nid=2307&put=4fde19af-6af6-47b7-9250-0f861c66b597&gdpr=0&gdpr_consent=&expires=30:0
[   13262ms] [ERROR] Failed to load resource: net::ERR_NAME_NOT_RESOLVED @ https://pixel.rubiconproject.com/tap.php?v=7751&nid=2249&expires=30&put=CAESEFp_4baQm7249gSHgmVDPfw&google_cver=1:0
[   13263ms] [ERROR] Failed to load resource: net::ERR_NAME_NOT_RESOLVED @ https://pixel.rubiconproject.com/tap.php?v=31950&nid=2974&put=y-4DZ5_ztE2oIN4tq91rZawYXaOqTZSUIF2Bp.jg--~A:0
[   13263ms] [ERROR] Failed to load resource: net::ERR_NAME_NOT_RESOLVED @ https://pixel.rubiconproject.com/exchange/sync.php?p=19564:0
[   13358ms] [ERROR] Failed to load resource: net::ERR_NAME_NOT_RESOLVED @ https://pixel.rubiconproject.com/exchange/sync.php?p=dfp&google_gid=CAESEIUUtMfL_lKUNC8SXtWWxHc&google_cver=1:0
[   13358ms] [ERROR] Failed to load resource: net::ERR_NAME_NOT_RESOLVED @ https://pixel.rubiconproject.com/exchange/sync.php?p=pbs-adaptmx:0
[   13358ms] [ERROR] Failed to load resource: net::ERR_NAME_NOT_RESOLVED @ https://pixel.rubiconproject.com/exchange/sync.php?p=pbs-yahoo-exchange:0
[   13362ms] [ERROR] Failed to load resource: net::ERR_NAME_NOT_RESOLVED @ https://px.ads.linkedin.com/setuid?partner=rubiconDb&dbredirect=true&ruxId=MPAIZ3CM-15-KS08:0
[   14352ms] [ERROR] Failed to load resource: net::ERR_NAME_NOT_RESOLVED @ https://pixel.rubiconproject.com/tap.php?v=183462&nid=4114&put=AAfA9U7UFNYAAADEqxIEbA&expires=30:0
[   16366ms] [ERROR] Failed to load resource: net::ERR_NAME_NOT_RESOLVED @ https://pixel.rubiconproject.com/exchange/sync.php?p=ogury&gdpr_consent=&khaos=MPAIZ3CM-15-KS08:0
[   23742ms] [ERROR] Failed to load resource: net::ERR_HTTP2_SERVER_REFUSED_STREAM @ https://cs.admanmedia.com/73c1e1bfc3bde354d60b80e601ae3914.gif?puid=[UID]&redir=https%3A%2F%2Fonetag-sys.com%2Fmatch%2F%3Fint_id%3D164%26gdpr%3D1%26gdpr_consent%3D%26uid%3D%5BUID%5D&gdpr=1&gdpr_consent=&ccpa=&coppa=:0
[   23746ms] [ERROR] Failed to load resource: net::ERR_NAME_NOT_RESOLVED @ https://cs.iqzone.com/6f0476ca45e1d6b67e3ee8d57532a022.gif?redir=https%3A%2F%2Fsync.cootlogix.com%2Fapi%2Fcookie%3FpartnerId%3Diqzone%26gdpr%3D%26gdpr_consent%3D%26us_privacy%3D%26userId%3D%5BUID%5D&gdpr=&gdpr_consent=&ccpa=:0
[   23776ms] [ERROR] Failed to load resource: net::ERR_NAME_NOT_RESOLVED @ https://sync.colossusssp.com/vdz.gif?puid=f826e45c-c7fd-0123-329e-f78947ef4814&redir=https%3A%2F%2Fsync.cootlogix.com%2Fapi%2Fcookie%3FpartnerId%3Dcolossus%26gdpr%3D%26gdpr_consent%3D%26us_privacy%3D%26userId%3D%5BUID%5D:0
[   23777ms] [ERROR] Failed to load resource: net::ERR_NAME_NOT_RESOLVED @ https://sync.ottadvisors.com/6f0476ca45e1d6b67e3ee8d57532a022.gif?&us_privacy=&gdpr=&gdpr_consent=&gpp=&gpp_sid=&puid=f826e45c-c7fd-0123-329e-f78947ef4814&redir=https%3A%2F%2Fsync.cootlogix.com%2Fapi%2Fcookie%3FpartnerId%3Dott%26userId%3D%5BUID%5D%26gdpr%3D%5BGDPR%5D%26gdpr_consent%3D%5BGDPR_CONSENT%5D%26us_privacy%3D%5BCCPA%5D%26coppa%3D%5BCOPPA%5D%26gpp%3D%5BGPP%5D%26gpp_sid%3D%5BGPP_SID%5D:0
[   14348ms] [ERROR] Failed to load resource: net::ERR_NAME_NOT_RESOLVED @ https://pixel.tapad.com/idsync/ex/receive?partner_id=1388&partner_device_id=Jj9VgGoKazUn%2BrqjdGUeRQ%3D%3D&us_privacy=&random=1779067701834.3&redirect=https%3A%2F%2Fthinkcxad.azurewebsites.net%2Fapi%2Fpixel%3Fid%3D%24%7BTA_DEVICE_ID%7D%26partner%3DTAPAD:0
[   14351ms] [ERROR] Failed to load resource: net::ERR_NAME_NOT_RESOLVED @ https://pixel.tapad.com/idsync/ex/receive?partner_id=1388&partner_device_id=Jj9VgGoKazUn%2BrqjdGUeRQ%3D%3D&us_privacy=&random=1779067701922.3&redirect=https%3A%2F%2Fthinkcxad.azurewebsites.net%2Fapi%2Fpixel%3Fid%3D%24%7BTA_DEVICE_ID%7D%26partner%3DTAPAD:0
[   14476ms] [ERROR] Failed to load resource: net::ERR_NAME_NOT_RESOLVED @ https://px.ads.linkedin.com/db_sync?pid=15927&puuid=Jj9VgGoKazUn%2BrqjdGUeRQ%3D%3D&us_privacy=&_rand=1779067701922.2:0
[   14481ms] [ERROR] Failed to load resource: net::ERR_NAME_NOT_RESOLVED @ https://px.ads.linkedin.com/db_sync?pid=15927&puuid=Jj9VgGoKazUn%2BrqjdGUeRQ%3D%3D&us_privacy=&_rand=1779067701834.2:0
[   14878ms] [ERROR] Failed to load resource: net::ERR_NAME_NOT_RESOLVED @ https://pixel.tapad.com/idsync/ex/receive?partner_id=1388&partner_device_id=Jj9VgGoKazUn%2BrqjdGUeRQ%3D%3D&us_privacy=&random=1779067701922.3&redirect=https%3A%2F%2Fthinkcxad.azurewebsites.net%2Fapi%2Fpixel%3Fid%3D%24%7BTA_DEVICE_ID%7D%26partner%3DTAPAD:0
[   16212ms] [ERROR] Failed to load resource: net::ERR_NAME_NOT_RESOLVED @ https://px.ads.linkedin.com/db_sync?pid=15927&puuid=Jj9VgGoKazUn%2BrqjdGUeRQ%3D%3D&us_privacy=&_rand=1779067701922.2:0
[   23914ms] [ERROR] Failed to load resource: the server responded with a status of 404 (Not Found) @ https://us4.shb-sync.com/a760a5a7-e35e-49b8-9f5e-723455346741.gif?puid=f826e45c-c7fd-0123-329e-f78947ef4814&gdpr=&gdpr_consent=ccpa=:0
[   20268ms] [ERROR] Failed to load resource: net::ERR_NAME_NOT_RESOLVED @ https://sync.colossusssp.com/vdz.gif?puid=f826e45c-c7fd-0123-329e-f78947ef4814&redir=https%3A%2F%2Fsync.cootlogix.com%2Fapi%2Fcookie%3FpartnerId%3Dcolossus%26gdpr%3D%26gdpr_consent%3D%26us_privacy%3D%26userId%3D%5BUID%5D:0
[   20977ms] [ERROR] Failed to load resource: net::ERR_NAME_NOT_RESOLVED @ https://cs.iqzone.com/6f0476ca45e1d6b67e3ee8d57532a022.gif?redir=https%3A%2F%2Fsync.cootlogix.com%2Fapi%2Fcookie%3FpartnerId%3Diqzone%26gdpr%3D%26gdpr_consent%3D%26us_privacy%3D%26userId%3D%5BUID%5D&gdpr=&gdpr_consent=&ccpa=:0
[   21154ms] [ERROR] Failed to load resource: the server responded with a status of 404 (Not Found) @ https://us4.shb-sync.com/a760a5a7-e35e-49b8-9f5e-723455346741.gif?puid=f826e45c-c7fd-0123-329e-f78947ef4814&gdpr=&gdpr_consent=ccpa=:0
[   21244ms] [ERROR] Failed to load resource: net::ERR_NAME_NOT_RESOLVED @ https://sync.colossusssp.com/vdz.gif?puid=f826e45c-c7fd-0123-329e-f78947ef4814&redir=https%3A%2F%2Fsync.cootlogix.com%2Fapi%2Fcookie%3FpartnerId%3Dcolossus%26gdpr%3D%26gdpr_consent%3D%26us_privacy%3D%26userId%3D%5BUID%5D:0
[   21333ms] [ERROR] Failed to load resource: net::ERR_NAME_NOT_RESOLVED @ https://sync.ottadvisors.com/6f0476ca45e1d6b67e3ee8d57532a022.gif?&us_privacy=&gdpr=&gdpr_consent=&gpp=&gpp_sid=&puid=f826e45c-c7fd-0123-329e-f78947ef4814&redir=https%3A%2F%2Fsync.cootlogix.com%2Fapi%2Fcookie%3FpartnerId%3Dott%26userId%3D%5BUID%5D%26gdpr%3D%5BGDPR%5D%26gdpr_consent%3D%5BGDPR_CONSENT%5D%26us_privacy%3D%5BCCPA%5D%26coppa%3D%5BCOPPA%5D%26gpp%3D%5BGPP%5D%26gpp_sid%3D%5BGPP_SID%5D:0
[   23109ms] [ERROR] Failed to load resource: net::ERR_NAME_NOT_RESOLVED @ https://cs.iqzone.com/6f0476ca45e1d6b67e3ee8d57532a022.gif?redir=https%3A%2F%2Fsync.cootlogix.com%2Fapi%2Fcookie%3FpartnerId%3Diqzone%26gdpr%3D%26gdpr_consent%3D%26us_privacy%3D%26userId%3D%5BUID%5D&gdpr=&gdpr_consent=&ccpa=:0
[   23128ms] [ERROR] Failed to load resource: net::ERR_NAME_NOT_RESOLVED @ https://sync.colossusssp.com/vdz.gif?puid=f826e45c-c7fd-0123-329e-f78947ef4814&redir=https%3A%2F%2Fsync.cootlogix.com%2Fapi%2Fcookie%3FpartnerId%3Dcolossus%26gdpr%3D%26gdpr_consent%3D%26us_privacy%3D%26userId%3D%5BUID%5D:0
[   23131ms] [ERROR] Failed to load resource: net::ERR_NAME_NOT_RESOLVED @ https://sync.ottadvisors.com/6f0476ca45e1d6b67e3ee8d57532a022.gif?&us_privacy=&gdpr=&gdpr_consent=&gpp=&gpp_sid=&puid=f826e45c-c7fd-0123-329e-f78947ef4814&redir=https%3A%2F%2Fsync.cootlogix.com%2Fapi%2Fcookie%3FpartnerId%3Dott%26userId%3D%5BUID%5D%26gdpr%3D%5BGDPR%5D%26gdpr_consent%3D%5BGDPR_CONSENT%5D%26us_privacy%3D%5BCCPA%5D%26coppa%3D%5BCOPPA%5D%26gpp%3D%5BGPP%5D%26gpp_sid%3D%5BGPP_SID%5D:0
[   23141ms] [ERROR] Failed to load resource: net::ERR_NAME_NOT_RESOLVED @ https://cs.iqzone.com/6f0476ca45e1d6b67e3ee8d57532a022.gif?redir=https%3A%2F%2Fsync.cootlogix.com%2Fapi%2Fcookie%3FpartnerId%3Diqzone%26gdpr%3D%26gdpr_consent%3D%26us_privacy%3D%26userId%3D%5BUID%5D&gdpr=&gdpr_consent=&ccpa=:0
[   23192ms] [ERROR] Failed to load resource: net::ERR_NAME_NOT_RESOLVED @ https://sync.colossusssp.com/vdz.gif?puid=f826e45c-c7fd-0123-329e-f78947ef4814&redir=https%3A%2F%2Fsync.cootlogix.com%2Fapi%2Fcookie%3FpartnerId%3Dcolossus%26gdpr%3D%26gdpr_consent%3D%26us_privacy%3D%26userId%3D%5BUID%5D:0
[   23192ms] [ERROR] Failed to load resource: net::ERR_NAME_NOT_RESOLVED @ https://sync.ottadvisors.com/6f0476ca45e1d6b67e3ee8d57532a022.gif?&us_privacy=&gdpr=&gdpr_consent=&gpp=&gpp_sid=&puid=f826e45c-c7fd-0123-329e-f78947ef4814&redir=https%3A%2F%2Fsync.cootlogix.com%2Fapi%2Fcookie%3FpartnerId%3Dott%26userId%3D%5BUID%5D%26gdpr%3D%5BGDPR%5D%26gdpr_consent%3D%5BGDPR_CONSENT%5D%26us_privacy%3D%5BCCPA%5D%26coppa%3D%5BCOPPA%5D%26gpp%3D%5BGPP%5D%26gpp_sid%3D%5BGPP_SID%5D:0
[   23746ms] [ERROR] Failed to load resource: net::ERR_NAME_NOT_RESOLVED @ https://cs.iqzone.com/6f0476ca45e1d6b67e3ee8d57532a022.gif?redir=https%3A%2F%2Fsync.cootlogix.com%2Fapi%2Fcookie%3FpartnerId%3Diqzone%26gdpr%3D%26gdpr_consent%3D%26us_privacy%3D%26userId%3D%5BUID%5D&gdpr=&gdpr_consent=&ccpa=:0
[   23776ms] [ERROR] Failed to load resource: net::ERR_NAME_NOT_RESOLVED @ https://sync.colossusssp.com/vdz.gif?puid=f826e45c-c7fd-0123-329e-f78947ef4814&redir=https%3A%2F%2Fsync.cootlogix.com%2Fapi%2Fcookie%3FpartnerId%3Dcolossus%26gdpr%3D%26gdpr_consent%3D%26us_privacy%3D%26userId%3D%5BUID%5D:0
[   23777ms] [ERROR] Failed to load resource: net::ERR_NAME_NOT_RESOLVED @ https://sync.ottadvisors.com/6f0476ca45e1d6b67e3ee8d57532a022.gif?&us_privacy=&gdpr=&gdpr_consent=&gpp=&gpp_sid=&puid=f826e45c-c7fd-0123-329e-f78947ef4814&redir=https%3A%2F%2Fsync.cootlogix.com%2Fapi%2Fcookie%3FpartnerId%3Dott%26userId%3D%5BUID%5D%26gdpr%3D%5BGDPR%5D%26gdpr_consent%3D%5BGDPR_CONSENT%5D%26us_privacy%3D%5BCCPA%5D%26coppa%3D%5BCOPPA%5D%26gpp%3D%5BGPP%5D%26gpp_sid%3D%5BGPP_SID%5D:0
[   23914ms] [ERROR] Failed to load resource: the server responded with a status of 404 (Not Found) @ https://us4.shb-sync.com/a760a5a7-e35e-49b8-9f5e-723455346741.gif?puid=f826e45c-c7fd-0123-329e-f78947ef4814&gdpr=&gdpr_consent=ccpa=:0
[   11294ms] [ERROR] Failed to load resource: net::ERR_NAME_NOT_RESOLVED @ https://pixel.rubiconproject.com/tap.php?v=223352&nid=4584&put=mOriQHSyhXNjYZu1NqA1A9iGfF9Wf46ECCZseCiBJEU:0
[   11696ms] [ERROR] Failed to load resource: net::ERR_NAME_NOT_RESOLVED @ https://pixel.rubiconproject.com/tap.php?v=223352&nid=4584&put=mOriQHSyhXNjYZu1NqA1A9iGfF9Wf46ECCZseCiBJEU:0
[   12723ms] [ERROR] Failed to load resource: the server responded with a status of 424 (Failed Dependency) @ https://t.adx.opera.com/pub/sync?pubid=pub10101531197440&gdpr=1&gdpr_consent=:0
[   12915ms] [ERROR] Failed to load resource: net::ERR_NAME_NOT_RESOLVED @ https://pixel.rubiconproject.com/tap.php?v=223352&nid=4584&put=mOriQHSyhXNjYZu1NqA1A9iGfF9Wf46ECCZseCiBJEU:0
[   13046ms] [ERROR] Failed to load resource: the server responded with a status of 424 (Failed Dependency) @ https://t.adx.opera.com/pub/sync?pubid=pub10101531197440&gdpr=1&gdpr_consent=:0
[   14086ms] [ERROR] Failed to load resource: the server responded with a status of 424 (Failed Dependency) @ https://t.adx.opera.com/pub/sync?pubid=pub10101531197440&gdpr=1&gdpr_consent=:0
[   14351ms] [ERROR] Failed to load resource: net::ERR_NAME_NOT_RESOLVED @ https://pixel.rubiconproject.com/tap.php?v=223352&nid=4584&put=mOriQHSyhXNjYZu1NqA1A9iGfF9Wf46ECCZseCiBJEU:0
[   15723ms] [ERROR] Failed to load resource: net::ERR_HTTP2_SERVER_REFUSED_STREAM @ https://cs.admanmedia.com/73c1e1bfc3bde354d60b80e601ae3914.gif?puid=[UID]&redir=https%3A%2F%2Fonetag-sys.com%2Fmatch%2F%3Fint_id%3D164%26gdpr%3D0%26gdpr_consent%3D%26uid%3D%5BUID%5D&gdpr=0&gdpr_consent=&ccpa=1YN-&coppa=:0
[   16366ms] [ERROR] Failed to load resource: net::ERR_NAME_NOT_RESOLVED @ https://pixel.rubiconproject.com/tap.php?v=223352&nid=4584&put=mOriQHSyhXNjYZu1NqA1A9iGfF9Wf46ECCZseCiBJEU:0
[   17094ms] [ERROR] Failed to load resource: net::ERR_HTTP2_SERVER_REFUSED_STREAM @ https://cs.admanmedia.com/73c1e1bfc3bde354d60b80e601ae3914.gif?puid=[UID]&redir=https%3A%2F%2Fonetag-sys.com%2Fmatch%2F%3Fint_id%3D164%26gdpr%3D1%26gdpr_consent%3D%26uid%3D%5BUID%5D&gdpr=1&gdpr_consent=&ccpa=&coppa=:0
[   18088ms] [ERROR] Failed to load resource: net::ERR_HTTP2_SERVER_REFUSED_STREAM @ https://cs.admanmedia.com/73c1e1bfc3bde354d60b80e601ae3914.gif?puid=[UID]&redir=https%3A%2F%2Fonetag-sys.com%2Fmatch%2F%3Fint_id%3D164%26gdpr%3D0%26gdpr_consent%3D%26uid%3D%5BUID%5D&gdpr=0&gdpr_consent=&ccpa=&coppa=:0
[   18114ms] [ERROR] Failed to load resource: the server responded with a status of 424 (Failed Dependency) @ https://t.adx.opera.com/pub/sync?pubid=pub10101531197440&gdpr=1&gdpr_consent=:0
[   18323ms] [ERROR] Failed to load resource: the server responded with a status of 424 (Failed Dependency) @ https://t.adx.opera.com/pub/sync?pubid=pub10101531197440&gdpr=1&gdpr_consent=:0
[   20104ms] [ERROR] Failed to load resource: the server responded with a status of 424 (Failed Dependency) @ https://t.adx.opera.com/pub/sync?pubid=pub10101531197440&gdpr=1&gdpr_consent=:0
[   21134ms] [ERROR] Failed to load resource: net::ERR_HTTP2_SERVER_REFUSED_STREAM @ https://cs.admanmedia.com/73c1e1bfc3bde354d60b80e601ae3914.gif?puid=[UID]&redir=https%3A%2F%2Fonetag-sys.com%2Fmatch%2F%3Fint_id%3D164%26gdpr%3D1%26gdpr_consent%3D%26uid%3D%5BUID%5D&gdpr=1&gdpr_consent=&ccpa=&coppa=:0
[   22024ms] [ERROR] Failed to load resource: net::ERR_HTTP2_SERVER_REFUSED_STREAM @ https://cs.admanmedia.com/73c1e1bfc3bde354d60b80e601ae3914.gif?puid=[UID]&redir=https%3A%2F%2Fonetag-sys.com%2Fmatch%2F%3Fint_id%3D164%26gdpr%3D0%26gdpr_consent%3D%26uid%3D%5BUID%5D&gdpr=0&gdpr_consent=&ccpa=&coppa=:0
[   22472ms] [ERROR] Failed to load resource: the server responded with a status of 424 (Failed Dependency) @ https://t.adx.opera.com/pub/sync?pubid=pub10101531197440&gdpr=1&gdpr_consent=:0
[   22685ms] [ERROR] Failed to load resource: the server responded with a status of 424 (Failed Dependency) @ https://t.adx.opera.com/pub/sync?pubid=pub10101531197440&gdpr=1&gdpr_consent=:0
[   23742ms] [ERROR] Failed to load resource: net::ERR_HTTP2_SERVER_REFUSED_STREAM @ https://cs.admanmedia.com/73c1e1bfc3bde354d60b80e601ae3914.gif?puid=[UID]&redir=https%3A%2F%2Fonetag-sys.com%2Fmatch%2F%3Fint_id%3D164%26gdpr%3D1%26gdpr_consent%3D%26uid%3D%5BUID%5D&gdpr=1&gdpr_consent=&ccpa=&coppa=:0
[   12915ms] [ERROR] Failed to load resource: net::ERR_NAME_NOT_RESOLVED @ https://pixel.rubiconproject.com/token?pid=52948:0
[   12915ms] [ERROR] Failed to load resource: net::ERR_NAME_NOT_RESOLVED @ https://pixel.rubiconproject.com/exchange/sync.php?p=a9us:0
[   13262ms] [ERROR] Failed to load resource: net::ERR_NAME_NOT_RESOLVED @ https://pixel.rubiconproject.com/exchange/sync.php?p=pbs-apn:0
[   13262ms] [ERROR] Failed to load resource: net::ERR_NAME_NOT_RESOLVED @ https://pixel.rubiconproject.com/tap.php?v=8981&nid=2307&put=4fde19af-6af6-47b7-9250-0f861c66b597&gdpr=0&gdpr_consent=&expires=30:0
[   13262ms] [ERROR] Failed to load resource: net::ERR_NAME_NOT_RESOLVED @ https://pixel.rubiconproject.com/tap.php?v=7751&nid=2249&expires=30&put=CAESEFp_4baQm7249gSHgmVDPfw&google_cver=1:0
[   13263ms] [ERROR] Failed to load resource: net::ERR_NAME_NOT_RESOLVED @ https://pixel.rubiconproject.com/tap.php?v=31950&nid=2974&put=y-4DZ5_ztE2oIN4tq91rZawYXaOqTZSUIF2Bp.jg--~A:0
[   13263ms] [ERROR] Failed to load resource: net::ERR_NAME_NOT_RESOLVED @ https://pixel.rubiconproject.com/exchange/sync.php?p=19564:0
[   13358ms] [ERROR] Failed to load resource: net::ERR_NAME_NOT_RESOLVED @ https://pixel.rubiconproject.com/exchange/sync.php?p=dfp&google_gid=CAESEIUUtMfL_lKUNC8SXtWWxHc&google_cver=1:0
[   13358ms] [ERROR] Failed to load resource: net::ERR_NAME_NOT_RESOLVED @ https://pixel.rubiconproject.com/exchange/sync.php?p=pbs-adaptmx:0
[   13358ms] [ERROR] Failed to load resource: net::ERR_NAME_NOT_RESOLVED @ https://pixel.rubiconproject.com/exchange/sync.php?p=pbs-yahoo-exchange:0
[   13362ms] [ERROR] Failed to load resource: net::ERR_NAME_NOT_RESOLVED @ https://px.ads.linkedin.com/setuid?partner=rubiconDb&dbredirect=true&ruxId=MPAIZ3CM-15-KS08:0
[   14352ms] [ERROR] Failed to load resource: net::ERR_NAME_NOT_RESOLVED @ https://pixel.rubiconproject.com/tap.php?v=183462&nid=4114&put=AAfA9U7UFNYAAADEqxIEbA&expires=30:0
[   16366ms] [ERROR] Failed to load resource: net::ERR_NAME_NOT_RESOLVED @ https://pixel.rubiconproject.com/exchange/sync.php?p=ogury&gdpr_consent=&khaos=MPAIZ3CM-15-KS08:0
[   24056ms] [ERROR] Failed to load resource: net::ERR_NAME_NOT_RESOLVED @ https://cs.iqzone.com/6f0476ca45e1d6b67e3ee8d57532a022.gif?redir=https%3A%2F%2Fsync.cootlogix.com%2Fapi%2Fcookie%3FpartnerId%3Diqzone%26gdpr%3D%26gdpr_consent%3D%26us_privacy%3D%26userId%3D%5BUID%5D&gdpr=&gdpr_consent=&ccpa=:0
[   24070ms] [ERROR] Failed to load resource: net::ERR_NAME_NOT_RESOLVED @ https://sync.colossusssp.com/vdz.gif?puid=f826e45c-c7fd-0123-329e-f78947ef4814&redir=https%3A%2F%2Fsync.cootlogix.com%2Fapi%2Fcookie%3FpartnerId%3Dcolossus%26gdpr%3D%26gdpr_consent%3D%26us_privacy%3D%26userId%3D%5BUID%5D:0
[   24075ms] [ERROR] Failed to load resource: net::ERR_NAME_NOT_RESOLVED @ https://sync.ottadvisors.com/6f0476ca45e1d6b67e3ee8d57532a022.gif?&us_privacy=&gdpr=&gdpr_consent=&gpp=&gpp_sid=&puid=f826e45c-c7fd-0123-329e-f78947ef4814&redir=https%3A%2F%2Fsync.cootlogix.com%2Fapi%2Fcookie%3FpartnerId%3Dott%26userId%3D%5BUID%5D%26gdpr%3D%5BGDPR%5D%26gdpr_consent%3D%5BGDPR_CONSENT%5D%26us_privacy%3D%5BCCPA%5D%26coppa%3D%5BCOPPA%5D%26gpp%3D%5BGPP%5D%26gpp_sid%3D%5BGPP_SID%5D:0
[   24166ms] [ERROR] Failed to load resource: the server responded with a status of 404 (Not Found) @ https://us4.shb-sync.com/a760a5a7-e35e-49b8-9f5e-723455346741.gif?puid=f826e45c-c7fd-0123-329e-f78947ef4814&gdpr=&gdpr_consent=ccpa=:0
[   24197ms] [ERROR] Failed to load resource: the server responded with a status of 404 () @ https://ittpx.eskimi.com/sync?sp_id=181&gdpr=${GDPR}&gdpr_consent=${GDPR_CONSENT}&us_privacy=${US_PRIVACY}&dest=https%3A%2F%2Fsync.adtech.ink%2Fpsync%3Ft%3Dd%26e%3D350%26u%3D%24%7BUSER_ID%7D%26clp%3DaHR0cHM6Ly9zeW5jLmNvb3Rsb2dpeC5jb20vYXBpL2Nvb2tpZT9wYXJ0bmVySWQ9YWRpc29udHYmdXNlcklkPSVVU0VSX0lEJSZnZHByPSZnZHByX2NvbnNlbnQ9JnVzX3ByaXZhY3k9:0
[   11294ms] [ERROR] Failed to load resource: net::ERR_NAME_NOT_RESOLVED @ https://pixel.rubiconproject.com/tap.php?v=223352&nid=4584&put=mOriQHSyhXNjYZu1NqA1A9iGfF9Wf46ECCZseCiBJEU:0
[   11696ms] [ERROR] Failed to load resource: net::ERR_NAME_NOT_RESOLVED @ https://pixel.rubiconproject.com/tap.php?v=223352&nid=4584&put=mOriQHSyhXNjYZu1NqA1A9iGfF9Wf46ECCZseCiBJEU:0
[   12723ms] [ERROR] Failed to load resource: the server responded with a status of 424 (Failed Dependency) @ https://t.adx.opera.com/pub/sync?pubid=pub10101531197440&gdpr=1&gdpr_consent=:0
[   12915ms] [ERROR] Failed to load resource: net::ERR_NAME_NOT_RESOLVED @ https://pixel.rubiconproject.com/tap.php?v=223352&nid=4584&put=mOriQHSyhXNjYZu1NqA1A9iGfF9Wf46ECCZseCiBJEU:0
[   13046ms] [ERROR] Failed to load resource: the server responded with a status of 424 (Failed Dependency) @ https://t.adx.opera.com/pub/sync?pubid=pub10101531197440&gdpr=1&gdpr_consent=:0
[   14086ms] [ERROR] Failed to load resource: the server responded with a status of 424 (Failed Dependency) @ https://t.adx.opera.com/pub/sync?pubid=pub10101531197440&gdpr=1&gdpr_consent=:0
[   14351ms] [ERROR] Failed to load resource: net::ERR_NAME_NOT_RESOLVED @ https://pixel.rubiconproject.com/tap.php?v=223352&nid=4584&put=mOriQHSyhXNjYZu1NqA1A9iGfF9Wf46ECCZseCiBJEU:0
[   15723ms] [ERROR] Failed to load resource: net::ERR_HTTP2_SERVER_REFUSED_STREAM @ https://cs.admanmedia.com/73c1e1bfc3bde354d60b80e601ae3914.gif?puid=[UID]&redir=https%3A%2F%2Fonetag-sys.com%2Fmatch%2F%3Fint_id%3D164%26gdpr%3D0%26gdpr_consent%3D%26uid%3D%5BUID%5D&gdpr=0&gdpr_consent=&ccpa=1YN-&coppa=:0
[   16366ms] [ERROR] Failed to load resource: net::ERR_NAME_NOT_RESOLVED @ https://pixel.rubiconproject.com/tap.php?v=223352&nid=4584&put=mOriQHSyhXNjYZu1NqA1A9iGfF9Wf46ECCZseCiBJEU:0
[   17094ms] [ERROR] Failed to load resource: net::ERR_HTTP2_SERVER_REFUSED_STREAM @ https://cs.admanmedia.com/73c1e1bfc3bde354d60b80e601ae3914.gif?puid=[UID]&redir=https%3A%2F%2Fonetag-sys.com%2Fmatch%2F%3Fint_id%3D164%26gdpr%3D1%26gdpr_consent%3D%26uid%3D%5BUID%5D&gdpr=1&gdpr_consent=&ccpa=&coppa=:0
[   18088ms] [ERROR] Failed to load resource: net::ERR_HTTP2_SERVER_REFUSED_STREAM @ https://cs.admanmedia.com/73c1e1bfc3bde354d60b80e601ae3914.gif?puid=[UID]&redir=https%3A%2F%2Fonetag-sys.com%2Fmatch%2F%3Fint_id%3D164%26gdpr%3D0%26gdpr_consent%3D%26uid%3D%5BUID%5D&gdpr=0&gdpr_consent=&ccpa=&coppa=:0
[   18114ms] [ERROR] Failed to load resource: the server responded with a status of 424 (Failed Dependency) @ https://t.adx.opera.com/pub/sync?pubid=pub10101531197440&gdpr=1&gdpr_consent=:0
[   18323ms] [ERROR] Failed to load resource: the server responded with a status of 424 (Failed Dependency) @ https://t.adx.opera.com/pub/sync?pubid=pub10101531197440&gdpr=1&gdpr_consent=:0
[   20104ms] [ERROR] Failed to load resource: the server responded with a status of 424 (Failed Dependency) @ https://t.adx.opera.com/pub/sync?pubid=pub10101531197440&gdpr=1&gdpr_consent=:0
[   21134ms] [ERROR] Failed to load resource: net::ERR_HTTP2_SERVER_REFUSED_STREAM @ https://cs.admanmedia.com/73c1e1bfc3bde354d60b80e601ae3914.gif?puid=[UID]&redir=https%3A%2F%2Fonetag-sys.com%2Fmatch%2F%3Fint_id%3D164%26gdpr%3D1%26gdpr_consent%3D%26uid%3D%5BUID%5D&gdpr=1&gdpr_consent=&ccpa=&coppa=:0
[   22024ms] [ERROR] Failed to load resource: net::ERR_HTTP2_SERVER_REFUSED_STREAM @ https://cs.admanmedia.com/73c1e1bfc3bde354d60b80e601ae3914.gif?puid=[UID]&redir=https%3A%2F%2Fonetag-sys.com%2Fmatch%2F%3Fint_id%3D164%26gdpr%3D0%26gdpr_consent%3D%26uid%3D%5BUID%5D&gdpr=0&gdpr_consent=&ccpa=&coppa=:0
[   22472ms] [ERROR] Failed to load resource: the server responded with a status of 424 (Failed Dependency) @ https://t.adx.opera.com/pub/sync?pubid=pub10101531197440&gdpr=1&gdpr_consent=:0
[   22685ms] [ERROR] Failed to load resource: the server responded with a status of 424 (Failed Dependency) @ https://t.adx.opera.com/pub/sync?pubid=pub10101531197440&gdpr=1&gdpr_consent=:0
[   23742ms] [ERROR] Failed to load resource: net::ERR_HTTP2_SERVER_REFUSED_STREAM @ https://cs.admanmedia.com/73c1e1bfc3bde354d60b80e601ae3914.gif?puid=[UID]&redir=https%3A%2F%2Fonetag-sys.com%2Fmatch%2F%3Fint_id%3D164%26gdpr%3D1%26gdpr_consent%3D%26uid%3D%5BUID%5D&gdpr=1&gdpr_consent=&ccpa=&coppa=:0
[   14348ms] [ERROR] Failed to load resource: net::ERR_NAME_NOT_RESOLVED @ https://pixel.tapad.com/idsync/ex/receive?partner_id=3535&partner_device_id=ID5-5-50586368-d49a-45cf-b635-d3c968d5d097&partner_url=https%3A%2F%2Fsync.inmobi.com%2Fsetuid%3FbidderID%3D877%26dspUserId%3D%24%7BTA_DEVICE_ID%7D:0
[   14351ms] [ERROR] Failed to load resource: net::ERR_NAME_NOT_RESOLVED @ https://us.ck-ie.com/inmslw82.gif?gdpr=0&gdpr_consent=&redir=https%3A%2F%2Fsync.inmobi.com%2Fsetuid%3FbidderID%3DID5-893%26dspUserId%3D%7B%24PARTNER_UID%7D:0
[   16190ms] [ERROR] Failed to load resource: the server responded with a status of 503 () @ https://sync.inmobi.com/setuid?bidderID=32&dspUserId=8170537030556458571:0
[   16952ms] [ERROR] Failed to load resource: the server responded with a status of 503 () @ https://sync.inmobi.com/setuid?bidderID=957&dspUserId=ce6aa632-97eb-4003-97ce-d788351ff5b3:0
[   17094ms] [ERROR] Failed to load resource: net::ERR_HTTP2_SERVER_REFUSED_STREAM @ https://cs.admanmedia.com/e03deca3316b700a1ce99c41e324fd03.gif?puid=ID5-5-50586368-d49a-45cf-b635-d3c968d5d097&redir=https%3A%2F%2Fsync.inmobi.com%2Fsetuid%3FbidderID%3D149%26dspUserId%3D%5BUID%5D&gdpr=0&gdpr_consent=:0
[   24438ms] [ERROR] Failed to load resource: the server responded with a status of 404 (Not Found) @ https://us4.shb-sync.com/a760a5a7-e35e-49b8-9f5e-723455346741.gif?puid=f826e45c-c7fd-0123-329e-f78947ef4814&gdpr=&gdpr_consent=ccpa=:0
[   12915ms] [ERROR] Failed to load resource: net::ERR_NAME_NOT_RESOLVED @ https://pixel.rubiconproject.com/token?pid=52948:0
[   12915ms] [ERROR] Failed to load resource: net::ERR_NAME_NOT_RESOLVED @ https://pixel.rubiconproject.com/exchange/sync.php?p=a9us:0
[   13262ms] [ERROR] Failed to load resource: net::ERR_NAME_NOT_RESOLVED @ https://pixel.rubiconproject.com/exchange/sync.php?p=pbs-apn:0
[   13262ms] [ERROR] Failed to load resource: net::ERR_NAME_NOT_RESOLVED @ https://pixel.rubiconproject.com/tap.php?v=8981&nid=2307&put=4fde19af-6af6-47b7-9250-0f861c66b597&gdpr=0&gdpr_consent=&expires=30:0
[   13262ms] [ERROR] Failed to load resource: net::ERR_NAME_NOT_RESOLVED @ https://pixel.rubiconproject.com/tap.php?v=7751&nid=2249&expires=30&put=CAESEFp_4baQm7249gSHgmVDPfw&google_cver=1:0
[   13263ms] [ERROR] Failed to load resource: net::ERR_NAME_NOT_RESOLVED @ https://pixel.rubiconproject.com/tap.php?v=31950&nid=2974&put=y-4DZ5_ztE2oIN4tq91rZawYXaOqTZSUIF2Bp.jg--~A:0
[   13263ms] [ERROR] Failed to load resource: net::ERR_NAME_NOT_RESOLVED @ https://pixel.rubiconproject.com/exchange/sync.php?p=19564:0
[   13358ms] [ERROR] Failed to load resource: net::ERR_NAME_NOT_RESOLVED @ https://pixel.rubiconproject.com/exchange/sync.php?p=dfp&google_gid=CAESEIUUtMfL_lKUNC8SXtWWxHc&google_cver=1:0
[   13358ms] [ERROR] Failed to load resource: net::ERR_NAME_NOT_RESOLVED @ https://pixel.rubiconproject.com/exchange/sync.php?p=pbs-adaptmx:0
[   13358ms] [ERROR] Failed to load resource: net::ERR_NAME_NOT_RESOLVED @ https://pixel.rubiconproject.com/exchange/sync.php?p=pbs-yahoo-exchange:0
[   13362ms] [ERROR] Failed to load resource: net::ERR_NAME_NOT_RESOLVED @ https://px.ads.linkedin.com/setuid?partner=rubiconDb&dbredirect=true&ruxId=MPAIZ3CM-15-KS08:0
[   14352ms] [ERROR] Failed to load resource: net::ERR_NAME_NOT_RESOLVED @ https://pixel.rubiconproject.com/tap.php?v=183462&nid=4114&put=AAfA9U7UFNYAAADEqxIEbA&expires=30:0
[   16366ms] [ERROR] Failed to load resource: net::ERR_NAME_NOT_RESOLVED @ https://pixel.rubiconproject.com/exchange/sync.php?p=ogury&gdpr_consent=&khaos=MPAIZ3CM-15-KS08:0
[   14889ms] [ERROR] Failed to load resource: net::ERR_NAME_NOT_RESOLVED @ https://pixel.tapad.com/idsync/ex/receive?partner_id=3371&partner_device_id=67D23431-16D6-478D-B3D0-FAEDF4462BCE:0
[   16797ms] [ERROR] Failed to load resource: net::ERR_NAME_NOT_RESOLVED @ https://pixel.tapad.com/idsync/ex/receive?partner_id=3371&partner_device_id=67D23431-16D6-478D-B3D0-FAEDF4462BCE:0
[   24471ms] [ERROR] Failed to load resource: net::ERR_NAME_NOT_RESOLVED @ https://visitor-taipeidigitalvideo.omnitagjs.com/visitor/bsync?uid=109981e35ee6e5a3cd5ef6913b074ed9&name=gen01&url=https%3A%2F%2Fsync.adtech.ink%2Fpsync%3Ft%3Dd%26e%3D113%26u%3DPARTNER_USER_ID%26clp%3DaHR0cHM6Ly9zeW5jLmNvb3Rsb2dpeC5jb20vYXBpL2Nvb2tpZT9wYXJ0bmVySWQ9YWRpc29udHYmdXNlcklkPSVVU0VSX0lEJSZnZHByPSZnZHByX2NvbnNlbnQ9JnVzX3ByaXZhY3k9:0
[   24739ms] [ERROR] Failed to load resource: the server responded with a status of 404 (Not Found) @ https://us4.shb-sync.com/a760a5a7-e35e-49b8-9f5e-723455346741.gif?puid=f826e45c-c7fd-0123-329e-f78947ef4814&gdpr=&gdpr_consent=ccpa=:0
[   24741ms] [ERROR] Failed to load resource: net::ERR_NAME_NOT_RESOLVED @ https://visitor-taipeidigitalvideo.omnitagjs.com/visitor/bsync?uid=109981e35ee6e5a3cd5ef6913b074ed9&name=gen01&url=https%3A%2F%2Fsync.adtech.ink%2Fpsync%3Ft%3Dd%26e%3D113%26u%3DPARTNER_USER_ID%26clp%3DaHR0cHM6Ly9zeW5jLmNvb3Rsb2dpeC5jb20vYXBpL2Nvb2tpZT9wYXJ0bmVySWQ9YWRpc29udHYmdXNlcklkPSVVU0VSX0lEJSZnZHByPSZnZHByX2NvbnNlbnQ9JnVzX3ByaXZhY3k9:0
[   20268ms] [ERROR] Failed to load resource: net::ERR_NAME_NOT_RESOLVED @ https://sync.colossusssp.com/vdz.gif?puid=f826e45c-c7fd-0123-329e-f78947ef4814&redir=https%3A%2F%2Fsync.cootlogix.com%2Fapi%2Fcookie%3FpartnerId%3Dcolossus%26gdpr%3D%26gdpr_consent%3D%26us_privacy%3D%26userId%3D%5BUID%5D:0
[   20977ms] [ERROR] Failed to load resource: net::ERR_NAME_NOT_RESOLVED @ https://cs.iqzone.com/6f0476ca45e1d6b67e3ee8d57532a022.gif?redir=https%3A%2F%2Fsync.cootlogix.com%2Fapi%2Fcookie%3FpartnerId%3Diqzone%26gdpr%3D%26gdpr_consent%3D%26us_privacy%3D%26userId%3D%5BUID%5D&gdpr=&gdpr_consent=&ccpa=:0
[   21154ms] [ERROR] Failed to load resource: the server responded with a status of 404 (Not Found) @ https://us4.shb-sync.com/a760a5a7-e35e-49b8-9f5e-723455346741.gif?puid=f826e45c-c7fd-0123-329e-f78947ef4814&gdpr=&gdpr_consent=ccpa=:0
[   21244ms] [ERROR] Failed to load resource: net::ERR_NAME_NOT_RESOLVED @ https://sync.colossusssp.com/vdz.gif?puid=f826e45c-c7fd-0123-329e-f78947ef4814&redir=https%3A%2F%2Fsync.cootlogix.com%2Fapi%2Fcookie%3FpartnerId%3Dcolossus%26gdpr%3D%26gdpr_consent%3D%26us_privacy%3D%26userId%3D%5BUID%5D:0
[   21333ms] [ERROR] Failed to load resource: net::ERR_NAME_NOT_RESOLVED @ https://sync.ottadvisors.com/6f0476ca45e1d6b67e3ee8d57532a022.gif?&us_privacy=&gdpr=&gdpr_consent=&gpp=&gpp_sid=&puid=f826e45c-c7fd-0123-329e-f78947ef4814&redir=https%3A%2F%2Fsync.cootlogix.com%2Fapi%2Fcookie%3FpartnerId%3Dott%26userId%3D%5BUID%5D%26gdpr%3D%5BGDPR%5D%26gdpr_consent%3D%5BGDPR_CONSENT%5D%26us_privacy%3D%5BCCPA%5D%26coppa%3D%5BCOPPA%5D%26gpp%3D%5BGPP%5D%26gpp_sid%3D%5BGPP_SID%5D:0
[   23109ms] [ERROR] Failed to load resource: net::ERR_NAME_NOT_RESOLVED @ https://cs.iqzone.com/6f0476ca45e1d6b67e3ee8d57532a022.gif?redir=https%3A%2F%2Fsync.cootlogix.com%2Fapi%2Fcookie%3FpartnerId%3Diqzone%26gdpr%3D%26gdpr_consent%3D%26us_privacy%3D%26userId%3D%5BUID%5D&gdpr=&gdpr_consent=&ccpa=:0
[   23128ms] [ERROR] Failed to load resource: net::ERR_NAME_NOT_RESOLVED @ https://sync.colossusssp.com/vdz.gif?puid=f826e45c-c7fd-0123-329e-f78947ef4814&redir=https%3A%2F%2Fsync.cootlogix.com%2Fapi%2Fcookie%3FpartnerId%3Dcolossus%26gdpr%3D%26gdpr_consent%3D%26us_privacy%3D%26userId%3D%5BUID%5D:0
[   23131ms] [ERROR] Failed to load resource: net::ERR_NAME_NOT_RESOLVED @ https://sync.ottadvisors.com/6f0476ca45e1d6b67e3ee8d57532a022.gif?&us_privacy=&gdpr=&gdpr_consent=&gpp=&gpp_sid=&puid=f826e45c-c7fd-0123-329e-f78947ef4814&redir=https%3A%2F%2Fsync.cootlogix.com%2Fapi%2Fcookie%3FpartnerId%3Dott%26userId%3D%5BUID%5D%26gdpr%3D%5BGDPR%5D%26gdpr_consent%3D%5BGDPR_CONSENT%5D%26us_privacy%3D%5BCCPA%5D%26coppa%3D%5BCOPPA%5D%26gpp%3D%5BGPP%5D%26gpp_sid%3D%5BGPP_SID%5D:0
[   23141ms] [ERROR] Failed to load resource: net::ERR_NAME_NOT_RESOLVED @ https://cs.iqzone.com/6f0476ca45e1d6b67e3ee8d57532a022.gif?redir=https%3A%2F%2Fsync.cootlogix.com%2Fapi%2Fcookie%3FpartnerId%3Diqzone%26gdpr%3D%26gdpr_consent%3D%26us_privacy%3D%26userId%3D%5BUID%5D&gdpr=&gdpr_consent=&ccpa=:0
[   23192ms] [ERROR] Failed to load resource: net::ERR_NAME_NOT_RESOLVED @ https://sync.colossusssp.com/vdz.gif?puid=f826e45c-c7fd-0123-329e-f78947ef4814&redir=https%3A%2F%2Fsync.cootlogix.com%2Fapi%2Fcookie%3FpartnerId%3Dcolossus%26gdpr%3D%26gdpr_consent%3D%26us_privacy%3D%26userId%3D%5BUID%5D:0
[   23192ms] [ERROR] Failed to load resource: net::ERR_NAME_NOT_RESOLVED @ https://sync.ottadvisors.com/6f0476ca45e1d6b67e3ee8d57532a022.gif?&us_privacy=&gdpr=&gdpr_consent=&gpp=&gpp_sid=&puid=f826e45c-c7fd-0123-329e-f78947ef4814&redir=https%3A%2F%2Fsync.cootlogix.com%2Fapi%2Fcookie%3FpartnerId%3Dott%26userId%3D%5BUID%5D%26gdpr%3D%5BGDPR%5D%26gdpr_consent%3D%5BGDPR_CONSENT%5D%26us_privacy%3D%5BCCPA%5D%26coppa%3D%5BCOPPA%5D%26gpp%3D%5BGPP%5D%26gpp_sid%3D%5BGPP_SID%5D:0
[   23746ms] [ERROR] Failed to load resource: net::ERR_NAME_NOT_RESOLVED @ https://cs.iqzone.com/6f0476ca45e1d6b67e3ee8d57532a022.gif?redir=https%3A%2F%2Fsync.cootlogix.com%2Fapi%2Fcookie%3FpartnerId%3Diqzone%26gdpr%3D%26gdpr_consent%3D%26us_privacy%3D%26userId%3D%5BUID%5D&gdpr=&gdpr_consent=&ccpa=:0
[   23776ms] [ERROR] Failed to load resource: net::ERR_NAME_NOT_RESOLVED @ https://sync.colossusssp.com/vdz.gif?puid=f826e45c-c7fd-0123-329e-f78947ef4814&redir=https%3A%2F%2Fsync.cootlogix.com%2Fapi%2Fcookie%3FpartnerId%3Dcolossus%26gdpr%3D%26gdpr_consent%3D%26us_privacy%3D%26userId%3D%5BUID%5D:0
[   23777ms] [ERROR] Failed to load resource: net::ERR_NAME_NOT_RESOLVED @ https://sync.ottadvisors.com/6f0476ca45e1d6b67e3ee8d57532a022.gif?&us_privacy=&gdpr=&gdpr_consent=&gpp=&gpp_sid=&puid=f826e45c-c7fd-0123-329e-f78947ef4814&redir=https%3A%2F%2Fsync.cootlogix.com%2Fapi%2Fcookie%3FpartnerId%3Dott%26userId%3D%5BUID%5D%26gdpr%3D%5BGDPR%5D%26gdpr_consent%3D%5BGDPR_CONSENT%5D%26us_privacy%3D%5BCCPA%5D%26coppa%3D%5BCOPPA%5D%26gpp%3D%5BGPP%5D%26gpp_sid%3D%5BGPP_SID%5D:0
[   23914ms] [ERROR] Failed to load resource: the server responded with a status of 404 (Not Found) @ https://us4.shb-sync.com/a760a5a7-e35e-49b8-9f5e-723455346741.gif?puid=f826e45c-c7fd-0123-329e-f78947ef4814&gdpr=&gdpr_consent=ccpa=:0
[   24056ms] [ERROR] Failed to load resource: net::ERR_NAME_NOT_RESOLVED @ https://cs.iqzone.com/6f0476ca45e1d6b67e3ee8d57532a022.gif?redir=https%3A%2F%2Fsync.cootlogix.com%2Fapi%2Fcookie%3FpartnerId%3Diqzone%26gdpr%3D%26gdpr_consent%3D%26us_privacy%3D%26userId%3D%5BUID%5D&gdpr=&gdpr_consent=&ccpa=:0
[   24070ms] [ERROR] Failed to load resource: net::ERR_NAME_NOT_RESOLVED @ https://sync.colossusssp.com/vdz.gif?puid=f826e45c-c7fd-0123-329e-f78947ef4814&redir=https%3A%2F%2Fsync.cootlogix.com%2Fapi%2Fcookie%3FpartnerId%3Dcolossus%26gdpr%3D%26gdpr_consent%3D%26us_privacy%3D%26userId%3D%5BUID%5D:0
[   24075ms] [ERROR] Failed to load resource: net::ERR_NAME_NOT_RESOLVED @ https://sync.ottadvisors.com/6f0476ca45e1d6b67e3ee8d57532a022.gif?&us_privacy=&gdpr=&gdpr_consent=&gpp=&gpp_sid=&puid=f826e45c-c7fd-0123-329e-f78947ef4814&redir=https%3A%2F%2Fsync.cootlogix.com%2Fapi%2Fcookie%3FpartnerId%3Dott%26userId%3D%5BUID%5D%26gdpr%3D%5BGDPR%5D%26gdpr_consent%3D%5BGDPR_CONSENT%5D%26us_privacy%3D%5BCCPA%5D%26coppa%3D%5BCOPPA%5D%26gpp%3D%5BGPP%5D%26gpp_sid%3D%5BGPP_SID%5D:0
[   24166ms] [ERROR] Failed to load resource: the server responded with a status of 404 (Not Found) @ https://us4.shb-sync.com/a760a5a7-e35e-49b8-9f5e-723455346741.gif?puid=f826e45c-c7fd-0123-329e-f78947ef4814&gdpr=&gdpr_consent=ccpa=:0
[   24197ms] [ERROR] Failed to load resource: the server responded with a status of 404 () @ https://ittpx.eskimi.com/sync?sp_id=181&gdpr=${GDPR}&gdpr_consent=${GDPR_CONSENT}&us_privacy=${US_PRIVACY}&dest=https%3A%2F%2Fsync.adtech.ink%2Fpsync%3Ft%3Dd%26e%3D350%26u%3D%24%7BUSER_ID%7D%26clp%3DaHR0cHM6Ly9zeW5jLmNvb3Rsb2dpeC5jb20vYXBpL2Nvb2tpZT9wYXJ0bmVySWQ9YWRpc29udHYmdXNlcklkPSVVU0VSX0lEJSZnZHByPSZnZHByX2NvbnNlbnQ9JnVzX3ByaXZhY3k9:0
[   24438ms] [ERROR] Failed to load resource: the server responded with a status of 404 (Not Found) @ https://us4.shb-sync.com/a760a5a7-e35e-49b8-9f5e-723455346741.gif?puid=f826e45c-c7fd-0123-329e-f78947ef4814&gdpr=&gdpr_consent=ccpa=:0
[   24471ms] [ERROR] Failed to load resource: net::ERR_NAME_NOT_RESOLVED @ https://visitor-taipeidigitalvideo.omnitagjs.com/visitor/bsync?uid=109981e35ee6e5a3cd5ef6913b074ed9&name=gen01&url=https%3A%2F%2Fsync.adtech.ink%2Fpsync%3Ft%3Dd%26e%3D113%26u%3DPARTNER_USER_ID%26clp%3DaHR0cHM6Ly9zeW5jLmNvb3Rsb2dpeC5jb20vYXBpL2Nvb2tpZT9wYXJ0bmVySWQ9YWRpc29udHYmdXNlcklkPSVVU0VSX0lEJSZnZHByPSZnZHByX2NvbnNlbnQ9JnVzX3ByaXZhY3k9:0
[   24739ms] [ERROR] Failed to load resource: the server responded with a status of 404 (Not Found) @ https://us4.shb-sync.com/a760a5a7-e35e-49b8-9f5e-723455346741.gif?puid=f826e45c-c7fd-0123-329e-f78947ef4814&gdpr=&gdpr_consent=ccpa=:0
[   24741ms] [ERROR] Failed to load resource: net::ERR_NAME_NOT_RESOLVED @ https://visitor-taipeidigitalvideo.omnitagjs.com/visitor/bsync?uid=109981e35ee6e5a3cd5ef6913b074ed9&name=gen01&url=https%3A%2F%2Fsync.adtech.ink%2Fpsync%3Ft%3Dd%26e%3D113%26u%3DPARTNER_USER_ID%26clp%3DaHR0cHM6Ly9zeW5jLmNvb3Rsb2dpeC5jb20vYXBpL2Nvb2tpZT9wYXJ0bmVySWQ9YWRpc29udHYmdXNlcklkPSVVU0VSX0lEJSZnZHByPSZnZHByX2NvbnNlbnQ9JnVzX3ByaXZhY3k9:0
[   14348ms] [ERROR] Failed to load resource: net::ERR_NAME_NOT_RESOLVED @ https://pixel.tapad.com/idsync/ex/receive?partner_id=3535&partner_device_id=ID5-5-50586368-d49a-45cf-b635-d3c968d5d097&partner_url=https%3A%2F%2Fsync.inmobi.com%2Fsetuid%3FbidderID%3D877%26dspUserId%3D%24%7BTA_DEVICE_ID%7D:0
[   14351ms] [ERROR] Failed to load resource: net::ERR_NAME_NOT_RESOLVED @ https://us.ck-ie.com/inmslw82.gif?gdpr=0&gdpr_consent=&redir=https%3A%2F%2Fsync.inmobi.com%2Fsetuid%3FbidderID%3DID5-893%26dspUserId%3D%7B%24PARTNER_UID%7D:0
[   16190ms] [ERROR] Failed to load resource: the server responded with a status of 503 () @ https://sync.inmobi.com/setuid?bidderID=32&dspUserId=8170537030556458571:0
[   16952ms] [ERROR] Failed to load resource: the server responded with a status of 503 () @ https://sync.inmobi.com/setuid?bidderID=957&dspUserId=ce6aa632-97eb-4003-97ce-d788351ff5b3:0
[   17094ms] [ERROR] Failed to load resource: net::ERR_HTTP2_SERVER_REFUSED_STREAM @ https://cs.admanmedia.com/e03deca3316b700a1ce99c41e324fd03.gif?puid=ID5-5-50586368-d49a-45cf-b635-d3c968d5d097&redir=https%3A%2F%2Fsync.inmobi.com%2Fsetuid%3FbidderID%3D149%26dspUserId%3D%5BUID%5D&gdpr=0&gdpr_consent=:0
[   24790ms] [ERROR] Failed to load resource: the server responded with a status of 400 (Bad Request) @ https://ps.eyeota.net/match?bid=2ri0rg0&uid={ce806ad9-5944-31ea-7a773814}:0
[   14348ms] [ERROR] Failed to load resource: net::ERR_NAME_NOT_RESOLVED @ https://pixel.tapad.com/idsync/ex/receive?partner_id=3535&partner_device_id=ID5-5-50586368-d49a-45cf-b635-d3c968d5d097&partner_url=https%3A%2F%2Fsync.inmobi.com%2Fsetuid%3FbidderID%3D877%26dspUserId%3D%24%7BTA_DEVICE_ID%7D:0
[   14351ms] [ERROR] Failed to load resource: net::ERR_NAME_NOT_RESOLVED @ https://us.ck-ie.com/inmslw82.gif?gdpr=0&gdpr_consent=&redir=https%3A%2F%2Fsync.inmobi.com%2Fsetuid%3FbidderID%3DID5-893%26dspUserId%3D%7B%24PARTNER_UID%7D:0
[   16190ms] [ERROR] Failed to load resource: the server responded with a status of 503 () @ https://sync.inmobi.com/setuid?bidderID=32&dspUserId=8170537030556458571:0
[   16952ms] [ERROR] Failed to load resource: the server responded with a status of 503 () @ https://sync.inmobi.com/setuid?bidderID=957&dspUserId=ce6aa632-97eb-4003-97ce-d788351ff5b3:0
[   17094ms] [ERROR] Failed to load resource: net::ERR_HTTP2_SERVER_REFUSED_STREAM @ https://cs.admanmedia.com/e03deca3316b700a1ce99c41e324fd03.gif?puid=ID5-5-50586368-d49a-45cf-b635-d3c968d5d097&redir=https%3A%2F%2Fsync.inmobi.com%2Fsetuid%3FbidderID%3D149%26dspUserId%3D%5BUID%5D&gdpr=0&gdpr_consent=:0
[   24790ms] [ERROR] Failed to load resource: the server responded with a status of 400 (Bad Request) @ https://ps.eyeota.net/match?bid=2ri0rg0&uid={ce806ad9-5944-31ea-7a773814}:0
[   11295ms] [ERROR] Failed to load resource: net::ERR_NAME_NOT_RESOLVED @ https://pixel.rubiconproject.com/exchange/sync.php?p=pbs-adaptmx&us_privacy=1---:0
[   13262ms] [ERROR] Failed to load resource: net::ERR_NAME_NOT_RESOLVED @ https://pixel.rubiconproject.com/exchange/sync.php?p=pbs-adaptmx&:0
[   13358ms] [ERROR] Failed to load resource: net::ERR_NAME_NOT_RESOLVED @ https://pixel.rubiconproject.com/exchange/sync.php?p=pbs-adaptmx&:0
[   13712ms] [ERROR] Failed to load resource: net::ERR_NAME_NOT_RESOLVED @ https://pixel.rubiconproject.com/exchange/sync.php?p=pbs-adaptmx&:0
[   14889ms] [ERROR] Failed to load resource: net::ERR_NAME_NOT_RESOLVED @ https://pixel.tapad.com/idsync/ex/receive?partner_id=3371&partner_device_id=67D23431-16D6-478D-B3D0-FAEDF4462BCE:0
[   16797ms] [ERROR] Failed to load resource: net::ERR_NAME_NOT_RESOLVED @ https://pixel.tapad.com/idsync/ex/receive?partner_id=3371&partner_device_id=67D23431-16D6-478D-B3D0-FAEDF4462BCE:0
[   12915ms] [ERROR] Failed to load resource: net::ERR_NAME_NOT_RESOLVED @ https://pixel.rubiconproject.com/token?pid=52948:0
[   12915ms] [ERROR] Failed to load resource: net::ERR_NAME_NOT_RESOLVED @ https://pixel.rubiconproject.com/exchange/sync.php?p=a9us:0
[   13262ms] [ERROR] Failed to load resource: net::ERR_NAME_NOT_RESOLVED @ https://pixel.rubiconproject.com/exchange/sync.php?p=pbs-apn:0
[   13262ms] [ERROR] Failed to load resource: net::ERR_NAME_NOT_RESOLVED @ https://pixel.rubiconproject.com/tap.php?v=8981&nid=2307&put=4fde19af-6af6-47b7-9250-0f861c66b597&gdpr=0&gdpr_consent=&expires=30:0
[   13262ms] [ERROR] Failed to load resource: net::ERR_NAME_NOT_RESOLVED @ https://pixel.rubiconproject.com/tap.php?v=7751&nid=2249&expires=30&put=CAESEFp_4baQm7249gSHgmVDPfw&google_cver=1:0
[   13263ms] [ERROR] Failed to load resource: net::ERR_NAME_NOT_RESOLVED @ https://pixel.rubiconproject.com/tap.php?v=31950&nid=2974&put=y-4DZ5_ztE2oIN4tq91rZawYXaOqTZSUIF2Bp.jg--~A:0
[   13263ms] [ERROR] Failed to load resource: net::ERR_NAME_NOT_RESOLVED @ https://pixel.rubiconproject.com/exchange/sync.php?p=19564:0
[   13358ms] [ERROR] Failed to load resource: net::ERR_NAME_NOT_RESOLVED @ https://pixel.rubiconproject.com/exchange/sync.php?p=dfp&google_gid=CAESEIUUtMfL_lKUNC8SXtWWxHc&google_cver=1:0
[   13358ms] [ERROR] Failed to load resource: net::ERR_NAME_NOT_RESOLVED @ https://pixel.rubiconproject.com/exchange/sync.php?p=pbs-adaptmx:0
[   13358ms] [ERROR] Failed to load resource: net::ERR_NAME_NOT_RESOLVED @ https://pixel.rubiconproject.com/exchange/sync.php?p=pbs-yahoo-exchange:0
[   13362ms] [ERROR] Failed to load resource: net::ERR_NAME_NOT_RESOLVED @ https://px.ads.linkedin.com/setuid?partner=rubiconDb&dbredirect=true&ruxId=MPAIZ3CM-15-KS08:0
[   14352ms] [ERROR] Failed to load resource: net::ERR_NAME_NOT_RESOLVED @ https://pixel.rubiconproject.com/tap.php?v=183462&nid=4114&put=AAfA9U7UFNYAAADEqxIEbA&expires=30:0
[   16366ms] [ERROR] Failed to load resource: net::ERR_NAME_NOT_RESOLVED @ https://pixel.rubiconproject.com/exchange/sync.php?p=ogury&gdpr_consent=&khaos=MPAIZ3CM-15-KS08:0
[   20268ms] [ERROR] Failed to load resource: net::ERR_NAME_NOT_RESOLVED @ https://sync.colossusssp.com/vdz.gif?puid=f826e45c-c7fd-0123-329e-f78947ef4814&redir=https%3A%2F%2Fsync.cootlogix.com%2Fapi%2Fcookie%3FpartnerId%3Dcolossus%26gdpr%3D%26gdpr_consent%3D%26us_privacy%3D%26userId%3D%5BUID%5D:0
[   20977ms] [ERROR] Failed to load resource: net::ERR_NAME_NOT_RESOLVED @ https://cs.iqzone.com/6f0476ca45e1d6b67e3ee8d57532a022.gif?redir=https%3A%2F%2Fsync.cootlogix.com%2Fapi%2Fcookie%3FpartnerId%3Diqzone%26gdpr%3D%26gdpr_consent%3D%26us_privacy%3D%26userId%3D%5BUID%5D&gdpr=&gdpr_consent=&ccpa=:0
[   21154ms] [ERROR] Failed to load resource: the server responded with a status of 404 (Not Found) @ https://us4.shb-sync.com/a760a5a7-e35e-49b8-9f5e-723455346741.gif?puid=f826e45c-c7fd-0123-329e-f78947ef4814&gdpr=&gdpr_consent=ccpa=:0
[   21244ms] [ERROR] Failed to load resource: net::ERR_NAME_NOT_RESOLVED @ https://sync.colossusssp.com/vdz.gif?puid=f826e45c-c7fd-0123-329e-f78947ef4814&redir=https%3A%2F%2Fsync.cootlogix.com%2Fapi%2Fcookie%3FpartnerId%3Dcolossus%26gdpr%3D%26gdpr_consent%3D%26us_privacy%3D%26userId%3D%5BUID%5D:0
[   21333ms] [ERROR] Failed to load resource: net::ERR_NAME_NOT_RESOLVED @ https://sync.ottadvisors.com/6f0476ca45e1d6b67e3ee8d57532a022.gif?&us_privacy=&gdpr=&gdpr_consent=&gpp=&gpp_sid=&puid=f826e45c-c7fd-0123-329e-f78947ef4814&redir=https%3A%2F%2Fsync.cootlogix.com%2Fapi%2Fcookie%3FpartnerId%3Dott%26userId%3D%5BUID%5D%26gdpr%3D%5BGDPR%5D%26gdpr_consent%3D%5BGDPR_CONSENT%5D%26us_privacy%3D%5BCCPA%5D%26coppa%3D%5BCOPPA%5D%26gpp%3D%5BGPP%5D%26gpp_sid%3D%5BGPP_SID%5D:0
[   23109ms] [ERROR] Failed to load resource: net::ERR_NAME_NOT_RESOLVED @ https://cs.iqzone.com/6f0476ca45e1d6b67e3ee8d57532a022.gif?redir=https%3A%2F%2Fsync.cootlogix.com%2Fapi%2Fcookie%3FpartnerId%3Diqzone%26gdpr%3D%26gdpr_consent%3D%26us_privacy%3D%26userId%3D%5BUID%5D&gdpr=&gdpr_consent=&ccpa=:0
[   23128ms] [ERROR] Failed to load resource: net::ERR_NAME_NOT_RESOLVED @ https://sync.colossusssp.com/vdz.gif?puid=f826e45c-c7fd-0123-329e-f78947ef4814&redir=https%3A%2F%2Fsync.cootlogix.com%2Fapi%2Fcookie%3FpartnerId%3Dcolossus%26gdpr%3D%26gdpr_consent%3D%26us_privacy%3D%26userId%3D%5BUID%5D:0
[   23131ms] [ERROR] Failed to load resource: net::ERR_NAME_NOT_RESOLVED @ https://sync.ottadvisors.com/6f0476ca45e1d6b67e3ee8d57532a022.gif?&us_privacy=&gdpr=&gdpr_consent=&gpp=&gpp_sid=&puid=f826e45c-c7fd-0123-329e-f78947ef4814&redir=https%3A%2F%2Fsync.cootlogix.com%2Fapi%2Fcookie%3FpartnerId%3Dott%26userId%3D%5BUID%5D%26gdpr%3D%5BGDPR%5D%26gdpr_consent%3D%5BGDPR_CONSENT%5D%26us_privacy%3D%5BCCPA%5D%26coppa%3D%5BCOPPA%5D%26gpp%3D%5BGPP%5D%26gpp_sid%3D%5BGPP_SID%5D:0
[   23141ms] [ERROR] Failed to load resource: net::ERR_NAME_NOT_RESOLVED @ https://cs.iqzone.com/6f0476ca45e1d6b67e3ee8d57532a022.gif?redir=https%3A%2F%2Fsync.cootlogix.com%2Fapi%2Fcookie%3FpartnerId%3Diqzone%26gdpr%3D%26gdpr_consent%3D%26us_privacy%3D%26userId%3D%5BUID%5D&gdpr=&gdpr_consent=&ccpa=:0
[   23192ms] [ERROR] Failed to load resource: net::ERR_NAME_NOT_RESOLVED @ https://sync.colossusssp.com/vdz.gif?puid=f826e45c-c7fd-0123-329e-f78947ef4814&redir=https%3A%2F%2Fsync.cootlogix.com%2Fapi%2Fcookie%3FpartnerId%3Dcolossus%26gdpr%3D%26gdpr_consent%3D%26us_privacy%3D%26userId%3D%5BUID%5D:0
[   23192ms] [ERROR] Failed to load resource: net::ERR_NAME_NOT_RESOLVED @ https://sync.ottadvisors.com/6f0476ca45e1d6b67e3ee8d57532a022.gif?&us_privacy=&gdpr=&gdpr_consent=&gpp=&gpp_sid=&puid=f826e45c-c7fd-0123-329e-f78947ef4814&redir=https%3A%2F%2Fsync.cootlogix.com%2Fapi%2Fcookie%3FpartnerId%3Dott%26userId%3D%5BUID%5D%26gdpr%3D%5BGDPR%5D%26gdpr_consent%3D%5BGDPR_CONSENT%5D%26us_privacy%3D%5BCCPA%5D%26coppa%3D%5BCOPPA%5D%26gpp%3D%5BGPP%5D%26gpp_sid%3D%5BGPP_SID%5D:0
[   23746ms] [ERROR] Failed to load resource: net::ERR_NAME_NOT_RESOLVED @ https://cs.iqzone.com/6f0476ca45e1d6b67e3ee8d57532a022.gif?redir=https%3A%2F%2Fsync.cootlogix.com%2Fapi%2Fcookie%3FpartnerId%3Diqzone%26gdpr%3D%26gdpr_consent%3D%26us_privacy%3D%26userId%3D%5BUID%5D&gdpr=&gdpr_consent=&ccpa=:0
[   23776ms] [ERROR] Failed to load resource: net::ERR_NAME_NOT_RESOLVED @ https://sync.colossusssp.com/vdz.gif?puid=f826e45c-c7fd-0123-329e-f78947ef4814&redir=https%3A%2F%2Fsync.cootlogix.com%2Fapi%2Fcookie%3FpartnerId%3Dcolossus%26gdpr%3D%26gdpr_consent%3D%26us_privacy%3D%26userId%3D%5BUID%5D:0
[   23777ms] [ERROR] Failed to load resource: net::ERR_NAME_NOT_RESOLVED @ https://sync.ottadvisors.com/6f0476ca45e1d6b67e3ee8d57532a022.gif?&us_privacy=&gdpr=&gdpr_consent=&gpp=&gpp_sid=&puid=f826e45c-c7fd-0123-329e-f78947ef4814&redir=https%3A%2F%2Fsync.cootlogix.com%2Fapi%2Fcookie%3FpartnerId%3Dott%26userId%3D%5BUID%5D%26gdpr%3D%5BGDPR%5D%26gdpr_consent%3D%5BGDPR_CONSENT%5D%26us_privacy%3D%5BCCPA%5D%26coppa%3D%5BCOPPA%5D%26gpp%3D%5BGPP%5D%26gpp_sid%3D%5BGPP_SID%5D:0
[   23914ms] [ERROR] Failed to load resource: the server responded with a status of 404 (Not Found) @ https://us4.shb-sync.com/a760a5a7-e35e-49b8-9f5e-723455346741.gif?puid=f826e45c-c7fd-0123-329e-f78947ef4814&gdpr=&gdpr_consent=ccpa=:0
[   24056ms] [ERROR] Failed to load resource: net::ERR_NAME_NOT_RESOLVED @ https://cs.iqzone.com/6f0476ca45e1d6b67e3ee8d57532a022.gif?redir=https%3A%2F%2Fsync.cootlogix.com%2Fapi%2Fcookie%3FpartnerId%3Diqzone%26gdpr%3D%26gdpr_consent%3D%26us_privacy%3D%26userId%3D%5BUID%5D&gdpr=&gdpr_consent=&ccpa=:0
[   24070ms] [ERROR] Failed to load resource: net::ERR_NAME_NOT_RESOLVED @ https://sync.colossusssp.com/vdz.gif?puid=f826e45c-c7fd-0123-329e-f78947ef4814&redir=https%3A%2F%2Fsync.cootlogix.com%2Fapi%2Fcookie%3FpartnerId%3Dcolossus%26gdpr%3D%26gdpr_consent%3D%26us_privacy%3D%26userId%3D%5BUID%5D:0
[   24075ms] [ERROR] Failed to load resource: net::ERR_NAME_NOT_RESOLVED @ https://sync.ottadvisors.com/6f0476ca45e1d6b67e3ee8d57532a022.gif?&us_privacy=&gdpr=&gdpr_consent=&gpp=&gpp_sid=&puid=f826e45c-c7fd-0123-329e-f78947ef4814&redir=https%3A%2F%2Fsync.cootlogix.com%2Fapi%2Fcookie%3FpartnerId%3Dott%26userId%3D%5BUID%5D%26gdpr%3D%5BGDPR%5D%26gdpr_consent%3D%5BGDPR_CONSENT%5D%26us_privacy%3D%5BCCPA%5D%26coppa%3D%5BCOPPA%5D%26gpp%3D%5BGPP%5D%26gpp_sid%3D%5BGPP_SID%5D:0
[   24166ms] [ERROR] Failed to load resource: the server responded with a status of 404 (Not Found) @ https://us4.shb-sync.com/a760a5a7-e35e-49b8-9f5e-723455346741.gif?puid=f826e45c-c7fd-0123-329e-f78947ef4814&gdpr=&gdpr_consent=ccpa=:0
[   24197ms] [ERROR] Failed to load resource: the server responded with a status of 404 () @ https://ittpx.eskimi.com/sync?sp_id=181&gdpr=${GDPR}&gdpr_consent=${GDPR_CONSENT}&us_privacy=${US_PRIVACY}&dest=https%3A%2F%2Fsync.adtech.ink%2Fpsync%3Ft%3Dd%26e%3D350%26u%3D%24%7BUSER_ID%7D%26clp%3DaHR0cHM6Ly9zeW5jLmNvb3Rsb2dpeC5jb20vYXBpL2Nvb2tpZT9wYXJ0bmVySWQ9YWRpc29udHYmdXNlcklkPSVVU0VSX0lEJSZnZHByPSZnZHByX2NvbnNlbnQ9JnVzX3ByaXZhY3k9:0
[   24438ms] [ERROR] Failed to load resource: the server responded with a status of 404 (Not Found) @ https://us4.shb-sync.com/a760a5a7-e35e-49b8-9f5e-723455346741.gif?puid=f826e45c-c7fd-0123-329e-f78947ef4814&gdpr=&gdpr_consent=ccpa=:0
[   24471ms] [ERROR] Failed to load resource: net::ERR_NAME_NOT_RESOLVED @ https://visitor-taipeidigitalvideo.omnitagjs.com/visitor/bsync?uid=109981e35ee6e5a3cd5ef6913b074ed9&name=gen01&url=https%3A%2F%2Fsync.adtech.ink%2Fpsync%3Ft%3Dd%26e%3D113%26u%3DPARTNER_USER_ID%26clp%3DaHR0cHM6Ly9zeW5jLmNvb3Rsb2dpeC5jb20vYXBpL2Nvb2tpZT9wYXJ0bmVySWQ9YWRpc29udHYmdXNlcklkPSVVU0VSX0lEJSZnZHByPSZnZHByX2NvbnNlbnQ9JnVzX3ByaXZhY3k9:0
[   24739ms] [ERROR] Failed to load resource: the server responded with a status of 404 (Not Found) @ https://us4.shb-sync.com/a760a5a7-e35e-49b8-9f5e-723455346741.gif?puid=f826e45c-c7fd-0123-329e-f78947ef4814&gdpr=&gdpr_consent=ccpa=:0
[   24741ms] [ERROR] Failed to load resource: net::ERR_NAME_NOT_RESOLVED @ https://visitor-taipeidigitalvideo.omnitagjs.com/visitor/bsync?uid=109981e35ee6e5a3cd5ef6913b074ed9&name=gen01&url=https%3A%2F%2Fsync.adtech.ink%2Fpsync%3Ft%3Dd%26e%3D113%26u%3DPARTNER_USER_ID%26clp%3DaHR0cHM6Ly9zeW5jLmNvb3Rsb2dpeC5jb20vYXBpL2Nvb2tpZT9wYXJ0bmVySWQ9YWRpc29udHYmdXNlcklkPSVVU0VSX0lEJSZnZHByPSZnZHByX2NvbnNlbnQ9JnVzX3ByaXZhY3k9:0
[   20268ms] [ERROR] Failed to load resource: net::ERR_NAME_NOT_RESOLVED @ https://sync.colossusssp.com/vdz.gif?puid=f826e45c-c7fd-0123-329e-f78947ef4814&redir=https%3A%2F%2Fsync.cootlogix.com%2Fapi%2Fcookie%3FpartnerId%3Dcolossus%26gdpr%3D%26gdpr_consent%3D%26us_privacy%3D%26userId%3D%5BUID%5D:0
[   20977ms] [ERROR] Failed to load resource: net::ERR_NAME_NOT_RESOLVED @ https://cs.iqzone.com/6f0476ca45e1d6b67e3ee8d57532a022.gif?redir=https%3A%2F%2Fsync.cootlogix.com%2Fapi%2Fcookie%3FpartnerId%3Diqzone%26gdpr%3D%26gdpr_consent%3D%26us_privacy%3D%26userId%3D%5BUID%5D&gdpr=&gdpr_consent=&ccpa=:0
[   21154ms] [ERROR] Failed to load resource: the server responded with a status of 404 (Not Found) @ https://us4.shb-sync.com/a760a5a7-e35e-49b8-9f5e-723455346741.gif?puid=f826e45c-c7fd-0123-329e-f78947ef4814&gdpr=&gdpr_consent=ccpa=:0
[   21244ms] [ERROR] Failed to load resource: net::ERR_NAME_NOT_RESOLVED @ https://sync.colossusssp.com/vdz.gif?puid=f826e45c-c7fd-0123-329e-f78947ef4814&redir=https%3A%2F%2Fsync.cootlogix.com%2Fapi%2Fcookie%3FpartnerId%3Dcolossus%26gdpr%3D%26gdpr_consent%3D%26us_privacy%3D%26userId%3D%5BUID%5D:0
[   21333ms] [ERROR] Failed to load resource: net::ERR_NAME_NOT_RESOLVED @ https://sync.ottadvisors.com/6f0476ca45e1d6b67e3ee8d57532a022.gif?&us_privacy=&gdpr=&gdpr_consent=&gpp=&gpp_sid=&puid=f826e45c-c7fd-0123-329e-f78947ef4814&redir=https%3A%2F%2Fsync.cootlogix.com%2Fapi%2Fcookie%3FpartnerId%3Dott%26userId%3D%5BUID%5D%26gdpr%3D%5BGDPR%5D%26gdpr_consent%3D%5BGDPR_CONSENT%5D%26us_privacy%3D%5BCCPA%5D%26coppa%3D%5BCOPPA%5D%26gpp%3D%5BGPP%5D%26gpp_sid%3D%5BGPP_SID%5D:0
[   23109ms] [ERROR] Failed to load resource: net::ERR_NAME_NOT_RESOLVED @ https://cs.iqzone.com/6f0476ca45e1d6b67e3ee8d57532a022.gif?redir=https%3A%2F%2Fsync.cootlogix.com%2Fapi%2Fcookie%3FpartnerId%3Diqzone%26gdpr%3D%26gdpr_consent%3D%26us_privacy%3D%26userId%3D%5BUID%5D&gdpr=&gdpr_consent=&ccpa=:0
[   23128ms] [ERROR] Failed to load resource: net::ERR_NAME_NOT_RESOLVED @ https://sync.colossusssp.com/vdz.gif?puid=f826e45c-c7fd-0123-329e-f78947ef4814&redir=https%3A%2F%2Fsync.cootlogix.com%2Fapi%2Fcookie%3FpartnerId%3Dcolossus%26gdpr%3D%26gdpr_consent%3D%26us_privacy%3D%26userId%3D%5BUID%5D:0
[   23131ms] [ERROR] Failed to load resource: net::ERR_NAME_NOT_RESOLVED @ https://sync.ottadvisors.com/6f0476ca45e1d6b67e3ee8d57532a022.gif?&us_privacy=&gdpr=&gdpr_consent=&gpp=&gpp_sid=&puid=f826e45c-c7fd-0123-329e-f78947ef4814&redir=https%3A%2F%2Fsync.cootlogix.com%2Fapi%2Fcookie%3FpartnerId%3Dott%26userId%3D%5BUID%5D%26gdpr%3D%5BGDPR%5D%26gdpr_consent%3D%5BGDPR_CONSENT%5D%26us_privacy%3D%5BCCPA%5D%26coppa%3D%5BCOPPA%5D%26gpp%3D%5BGPP%5D%26gpp_sid%3D%5BGPP_SID%5D:0
[   23141ms] [ERROR] Failed to load resource: net::ERR_NAME_NOT_RESOLVED @ https://cs.iqzone.com/6f0476ca45e1d6b67e3ee8d57532a022.gif?redir=https%3A%2F%2Fsync.cootlogix.com%2Fapi%2Fcookie%3FpartnerId%3Diqzone%26gdpr%3D%26gdpr_consent%3D%26us_privacy%3D%26userId%3D%5BUID%5D&gdpr=&gdpr_consent=&ccpa=:0
[   23192ms] [ERROR] Failed to load resource: net::ERR_NAME_NOT_RESOLVED @ https://sync.colossusssp.com/vdz.gif?puid=f826e45c-c7fd-0123-329e-f78947ef4814&redir=https%3A%2F%2Fsync.cootlogix.com%2Fapi%2Fcookie%3FpartnerId%3Dcolossus%26gdpr%3D%26gdpr_consent%3D%26us_privacy%3D%26userId%3D%5BUID%5D:0
[   23192ms] [ERROR] Failed to load resource: net::ERR_NAME_NOT_RESOLVED @ https://sync.ottadvisors.com/6f0476ca45e1d6b67e3ee8d57532a022.gif?&us_privacy=&gdpr=&gdpr_consent=&gpp=&gpp_sid=&puid=f826e45c-c7fd-0123-329e-f78947ef4814&redir=https%3A%2F%2Fsync.cootlogix.com%2Fapi%2Fcookie%3FpartnerId%3Dott%26userId%3D%5BUID%5D%26gdpr%3D%5BGDPR%5D%26gdpr_consent%3D%5BGDPR_CONSENT%5D%26us_privacy%3D%5BCCPA%5D%26coppa%3D%5BCOPPA%5D%26gpp%3D%5BGPP%5D%26gpp_sid%3D%5BGPP_SID%5D:0
[   23746ms] [ERROR] Failed to load resource: net::ERR_NAME_NOT_RESOLVED @ https://cs.iqzone.com/6f0476ca45e1d6b67e3ee8d57532a022.gif?redir=https%3A%2F%2Fsync.cootlogix.com%2Fapi%2Fcookie%3FpartnerId%3Diqzone%26gdpr%3D%26gdpr_consent%3D%26us_privacy%3D%26userId%3D%5BUID%5D&gdpr=&gdpr_consent=&ccpa=:0
[   23776ms] [ERROR] Failed to load resource: net::ERR_NAME_NOT_RESOLVED @ https://sync.colossusssp.com/vdz.gif?puid=f826e45c-c7fd-0123-329e-f78947ef4814&redir=https%3A%2F%2Fsync.cootlogix.com%2Fapi%2Fcookie%3FpartnerId%3Dcolossus%26gdpr%3D%26gdpr_consent%3D%26us_privacy%3D%26userId%3D%5BUID%5D:0
[   23777ms] [ERROR] Failed to load resource: net::ERR_NAME_NOT_RESOLVED @ https://sync.ottadvisors.com/6f0476ca45e1d6b67e3ee8d57532a022.gif?&us_privacy=&gdpr=&gdpr_consent=&gpp=&gpp_sid=&puid=f826e45c-c7fd-0123-329e-f78947ef4814&redir=https%3A%2F%2Fsync.cootlogix.com%2Fapi%2Fcookie%3FpartnerId%3Dott%26userId%3D%5BUID%5D%26gdpr%3D%5BGDPR%5D%26gdpr_consent%3D%5BGDPR_CONSENT%5D%26us_privacy%3D%5BCCPA%5D%26coppa%3D%5BCOPPA%5D%26gpp%3D%5BGPP%5D%26gpp_sid%3D%5BGPP_SID%5D:0
[   23914ms] [ERROR] Failed to load resource: the server responded with a status of 404 (Not Found) @ https://us4.shb-sync.com/a760a5a7-e35e-49b8-9f5e-723455346741.gif?puid=f826e45c-c7fd-0123-329e-f78947ef4814&gdpr=&gdpr_consent=ccpa=:0
[   24056ms] [ERROR] Failed to load resource: net::ERR_NAME_NOT_RESOLVED @ https://cs.iqzone.com/6f0476ca45e1d6b67e3ee8d57532a022.gif?redir=https%3A%2F%2Fsync.cootlogix.com%2Fapi%2Fcookie%3FpartnerId%3Diqzone%26gdpr%3D%26gdpr_consent%3D%26us_privacy%3D%26userId%3D%5BUID%5D&gdpr=&gdpr_consent=&ccpa=:0
[   24070ms] [ERROR] Failed to load resource: net::ERR_NAME_NOT_RESOLVED @ https://sync.colossusssp.com/vdz.gif?puid=f826e45c-c7fd-0123-329e-f78947ef4814&redir=https%3A%2F%2Fsync.cootlogix.com%2Fapi%2Fcookie%3FpartnerId%3Dcolossus%26gdpr%3D%26gdpr_consent%3D%26us_privacy%3D%26userId%3D%5BUID%5D:0
[   24075ms] [ERROR] Failed to load resource: net::ERR_NAME_NOT_RESOLVED @ https://sync.ottadvisors.com/6f0476ca45e1d6b67e3ee8d57532a022.gif?&us_privacy=&gdpr=&gdpr_consent=&gpp=&gpp_sid=&puid=f826e45c-c7fd-0123-329e-f78947ef4814&redir=https%3A%2F%2Fsync.cootlogix.com%2Fapi%2Fcookie%3FpartnerId%3Dott%26userId%3D%5BUID%5D%26gdpr%3D%5BGDPR%5D%26gdpr_consent%3D%5BGDPR_CONSENT%5D%26us_privacy%3D%5BCCPA%5D%26coppa%3D%5BCOPPA%5D%26gpp%3D%5BGPP%5D%26gpp_sid%3D%5BGPP_SID%5D:0
[   24166ms] [ERROR] Failed to load resource: the server responded with a status of 404 (Not Found) @ https://us4.shb-sync.com/a760a5a7-e35e-49b8-9f5e-723455346741.gif?puid=f826e45c-c7fd-0123-329e-f78947ef4814&gdpr=&gdpr_consent=ccpa=:0
[   24197ms] [ERROR] Failed to load resource: the server responded with a status of 404 () @ https://ittpx.eskimi.com/sync?sp_id=181&gdpr=${GDPR}&gdpr_consent=${GDPR_CONSENT}&us_privacy=${US_PRIVACY}&dest=https%3A%2F%2Fsync.adtech.ink%2Fpsync%3Ft%3Dd%26e%3D350%26u%3D%24%7BUSER_ID%7D%26clp%3DaHR0cHM6Ly9zeW5jLmNvb3Rsb2dpeC5jb20vYXBpL2Nvb2tpZT9wYXJ0bmVySWQ9YWRpc29udHYmdXNlcklkPSVVU0VSX0lEJSZnZHByPSZnZHByX2NvbnNlbnQ9JnVzX3ByaXZhY3k9:0
[   24438ms] [ERROR] Failed to load resource: the server responded with a status of 404 (Not Found) @ https://us4.shb-sync.com/a760a5a7-e35e-49b8-9f5e-723455346741.gif?puid=f826e45c-c7fd-0123-329e-f78947ef4814&gdpr=&gdpr_consent=ccpa=:0
[   24471ms] [ERROR] Failed to load resource: net::ERR_NAME_NOT_RESOLVED @ https://visitor-taipeidigitalvideo.omnitagjs.com/visitor/bsync?uid=109981e35ee6e5a3cd5ef6913b074ed9&name=gen01&url=https%3A%2F%2Fsync.adtech.ink%2Fpsync%3Ft%3Dd%26e%3D113%26u%3DPARTNER_USER_ID%26clp%3DaHR0cHM6Ly9zeW5jLmNvb3Rsb2dpeC5jb20vYXBpL2Nvb2tpZT9wYXJ0bmVySWQ9YWRpc29udHYmdXNlcklkPSVVU0VSX0lEJSZnZHByPSZnZHByX2NvbnNlbnQ9JnVzX3ByaXZhY3k9:0
[   24739ms] [ERROR] Failed to load resource: the server responded with a status of 404 (Not Found) @ https://us4.shb-sync.com/a760a5a7-e35e-49b8-9f5e-723455346741.gif?puid=f826e45c-c7fd-0123-329e-f78947ef4814&gdpr=&gdpr_consent=ccpa=:0
[   24741ms] [ERROR] Failed to load resource: net::ERR_NAME_NOT_RESOLVED @ https://visitor-taipeidigitalvideo.omnitagjs.com/visitor/bsync?uid=109981e35ee6e5a3cd5ef6913b074ed9&name=gen01&url=https%3A%2F%2Fsync.adtech.ink%2Fpsync%3Ft%3Dd%26e%3D113%26u%3DPARTNER_USER_ID%26clp%3DaHR0cHM6Ly9zeW5jLmNvb3Rsb2dpeC5jb20vYXBpL2Nvb2tpZT9wYXJ0bmVySWQ9YWRpc29udHYmdXNlcklkPSVVU0VSX0lEJSZnZHByPSZnZHByX2NvbnNlbnQ9JnVzX3ByaXZhY3k9:0
[   14348ms] [ERROR] Failed to load resource: net::ERR_NAME_NOT_RESOLVED @ https://pixel.tapad.com/idsync/ex/receive?partner_id=3535&partner_device_id=ID5-5-50586368-d49a-45cf-b635-d3c968d5d097&partner_url=https%3A%2F%2Fsync.inmobi.com%2Fsetuid%3FbidderID%3D877%26dspUserId%3D%24%7BTA_DEVICE_ID%7D:0
[   14351ms] [ERROR] Failed to load resource: net::ERR_NAME_NOT_RESOLVED @ https://us.ck-ie.com/inmslw82.gif?gdpr=0&gdpr_consent=&redir=https%3A%2F%2Fsync.inmobi.com%2Fsetuid%3FbidderID%3DID5-893%26dspUserId%3D%7B%24PARTNER_UID%7D:0
[   16190ms] [ERROR] Failed to load resource: the server responded with a status of 503 () @ https://sync.inmobi.com/setuid?bidderID=32&dspUserId=8170537030556458571:0
[   16952ms] [ERROR] Failed to load resource: the server responded with a status of 503 () @ https://sync.inmobi.com/setuid?bidderID=957&dspUserId=ce6aa632-97eb-4003-97ce-d788351ff5b3:0
[   17094ms] [ERROR] Failed to load resource: net::ERR_HTTP2_SERVER_REFUSED_STREAM @ https://cs.admanmedia.com/e03deca3316b700a1ce99c41e324fd03.gif?puid=ID5-5-50586368-d49a-45cf-b635-d3c968d5d097&redir=https%3A%2F%2Fsync.inmobi.com%2Fsetuid%3FbidderID%3D149%26dspUserId%3D%5BUID%5D&gdpr=0&gdpr_consent=:0
[   24790ms] [ERROR] Failed to load resource: the server responded with a status of 400 (Bad Request) @ https://ps.eyeota.net/match?bid=2ri0rg0&uid={ce806ad9-5944-31ea-7a773814}:0
[   25359ms] [ERROR] Failed to load resource: the server responded with a status of 404 () @ https://cs.krushmedia.com/4831fbf13dd518a56346a6e0ec8ba9d5.gif?puid=ID5-5-50586368-d49a-45cf-b635-d3c968d5d097&redir=https%3A%2F%2Fsync.inmobi.com%2Fsetuid%3FbidderID%3D1315%26dspUserId%3D%5BUID%5D&gdpr=0&gdpr_consent=:0
[   20268ms] [ERROR] Failed to load resource: net::ERR_NAME_NOT_RESOLVED @ https://sync.colossusssp.com/vdz.gif?puid=f826e45c-c7fd-0123-329e-f78947ef4814&redir=https%3A%2F%2Fsync.cootlogix.com%2Fapi%2Fcookie%3FpartnerId%3Dcolossus%26gdpr%3D%26gdpr_consent%3D%26us_privacy%3D%26userId%3D%5BUID%5D:0
[   20977ms] [ERROR] Failed to load resource: net::ERR_NAME_NOT_RESOLVED @ https://cs.iqzone.com/6f0476ca45e1d6b67e3ee8d57532a022.gif?redir=https%3A%2F%2Fsync.cootlogix.com%2Fapi%2Fcookie%3FpartnerId%3Diqzone%26gdpr%3D%26gdpr_consent%3D%26us_privacy%3D%26userId%3D%5BUID%5D&gdpr=&gdpr_consent=&ccpa=:0
[   21154ms] [ERROR] Failed to load resource: the server responded with a status of 404 (Not Found) @ https://us4.shb-sync.com/a760a5a7-e35e-49b8-9f5e-723455346741.gif?puid=f826e45c-c7fd-0123-329e-f78947ef4814&gdpr=&gdpr_consent=ccpa=:0
[   21244ms] [ERROR] Failed to load resource: net::ERR_NAME_NOT_RESOLVED @ https://sync.colossusssp.com/vdz.gif?puid=f826e45c-c7fd-0123-329e-f78947ef4814&redir=https%3A%2F%2Fsync.cootlogix.com%2Fapi%2Fcookie%3FpartnerId%3Dcolossus%26gdpr%3D%26gdpr_consent%3D%26us_privacy%3D%26userId%3D%5BUID%5D:0
[   21333ms] [ERROR] Failed to load resource: net::ERR_NAME_NOT_RESOLVED @ https://sync.ottadvisors.com/6f0476ca45e1d6b67e3ee8d57532a022.gif?&us_privacy=&gdpr=&gdpr_consent=&gpp=&gpp_sid=&puid=f826e45c-c7fd-0123-329e-f78947ef4814&redir=https%3A%2F%2Fsync.cootlogix.com%2Fapi%2Fcookie%3FpartnerId%3Dott%26userId%3D%5BUID%5D%26gdpr%3D%5BGDPR%5D%26gdpr_consent%3D%5BGDPR_CONSENT%5D%26us_privacy%3D%5BCCPA%5D%26coppa%3D%5BCOPPA%5D%26gpp%3D%5BGPP%5D%26gpp_sid%3D%5BGPP_SID%5D:0
[   23109ms] [ERROR] Failed to load resource: net::ERR_NAME_NOT_RESOLVED @ https://cs.iqzone.com/6f0476ca45e1d6b67e3ee8d57532a022.gif?redir=https%3A%2F%2Fsync.cootlogix.com%2Fapi%2Fcookie%3FpartnerId%3Diqzone%26gdpr%3D%26gdpr_consent%3D%26us_privacy%3D%26userId%3D%5BUID%5D&gdpr=&gdpr_consent=&ccpa=:0
[   23128ms] [ERROR] Failed to load resource: net::ERR_NAME_NOT_RESOLVED @ https://sync.colossusssp.com/vdz.gif?puid=f826e45c-c7fd-0123-329e-f78947ef4814&redir=https%3A%2F%2Fsync.cootlogix.com%2Fapi%2Fcookie%3FpartnerId%3Dcolossus%26gdpr%3D%26gdpr_consent%3D%26us_privacy%3D%26userId%3D%5BUID%5D:0
[   23131ms] [ERROR] Failed to load resource: net::ERR_NAME_NOT_RESOLVED @ https://sync.ottadvisors.com/6f0476ca45e1d6b67e3ee8d57532a022.gif?&us_privacy=&gdpr=&gdpr_consent=&gpp=&gpp_sid=&puid=f826e45c-c7fd-0123-329e-f78947ef4814&redir=https%3A%2F%2Fsync.cootlogix.com%2Fapi%2Fcookie%3FpartnerId%3Dott%26userId%3D%5BUID%5D%26gdpr%3D%5BGDPR%5D%26gdpr_consent%3D%5BGDPR_CONSENT%5D%26us_privacy%3D%5BCCPA%5D%26coppa%3D%5BCOPPA%5D%26gpp%3D%5BGPP%5D%26gpp_sid%3D%5BGPP_SID%5D:0
[   23141ms] [ERROR] Failed to load resource: net::ERR_NAME_NOT_RESOLVED @ https://cs.iqzone.com/6f0476ca45e1d6b67e3ee8d57532a022.gif?redir=https%3A%2F%2Fsync.cootlogix.com%2Fapi%2Fcookie%3FpartnerId%3Diqzone%26gdpr%3D%26gdpr_consent%3D%26us_privacy%3D%26userId%3D%5BUID%5D&gdpr=&gdpr_consent=&ccpa=:0
[   23192ms] [ERROR] Failed to load resource: net::ERR_NAME_NOT_RESOLVED @ https://sync.colossusssp.com/vdz.gif?puid=f826e45c-c7fd-0123-329e-f78947ef4814&redir=https%3A%2F%2Fsync.cootlogix.com%2Fapi%2Fcookie%3FpartnerId%3Dcolossus%26gdpr%3D%26gdpr_consent%3D%26us_privacy%3D%26userId%3D%5BUID%5D:0
[   23192ms] [ERROR] Failed to load resource: net::ERR_NAME_NOT_RESOLVED @ https://sync.ottadvisors.com/6f0476ca45e1d6b67e3ee8d57532a022.gif?&us_privacy=&gdpr=&gdpr_consent=&gpp=&gpp_sid=&puid=f826e45c-c7fd-0123-329e-f78947ef4814&redir=https%3A%2F%2Fsync.cootlogix.com%2Fapi%2Fcookie%3FpartnerId%3Dott%26userId%3D%5BUID%5D%26gdpr%3D%5BGDPR%5D%26gdpr_consent%3D%5BGDPR_CONSENT%5D%26us_privacy%3D%5BCCPA%5D%26coppa%3D%5BCOPPA%5D%26gpp%3D%5BGPP%5D%26gpp_sid%3D%5BGPP_SID%5D:0
[   23746ms] [ERROR] Failed to load resource: net::ERR_NAME_NOT_RESOLVED @ https://cs.iqzone.com/6f0476ca45e1d6b67e3ee8d57532a022.gif?redir=https%3A%2F%2Fsync.cootlogix.com%2Fapi%2Fcookie%3FpartnerId%3Diqzone%26gdpr%3D%26gdpr_consent%3D%26us_privacy%3D%26userId%3D%5BUID%5D&gdpr=&gdpr_consent=&ccpa=:0
[   23776ms] [ERROR] Failed to load resource: net::ERR_NAME_NOT_RESOLVED @ https://sync.colossusssp.com/vdz.gif?puid=f826e45c-c7fd-0123-329e-f78947ef4814&redir=https%3A%2F%2Fsync.cootlogix.com%2Fapi%2Fcookie%3FpartnerId%3Dcolossus%26gdpr%3D%26gdpr_consent%3D%26us_privacy%3D%26userId%3D%5BUID%5D:0
[   23777ms] [ERROR] Failed to load resource: net::ERR_NAME_NOT_RESOLVED @ https://sync.ottadvisors.com/6f0476ca45e1d6b67e3ee8d57532a022.gif?&us_privacy=&gdpr=&gdpr_consent=&gpp=&gpp_sid=&puid=f826e45c-c7fd-0123-329e-f78947ef4814&redir=https%3A%2F%2Fsync.cootlogix.com%2Fapi%2Fcookie%3FpartnerId%3Dott%26userId%3D%5BUID%5D%26gdpr%3D%5BGDPR%5D%26gdpr_consent%3D%5BGDPR_CONSENT%5D%26us_privacy%3D%5BCCPA%5D%26coppa%3D%5BCOPPA%5D%26gpp%3D%5BGPP%5D%26gpp_sid%3D%5BGPP_SID%5D:0
[   23914ms] [ERROR] Failed to load resource: the server responded with a status of 404 (Not Found) @ https://us4.shb-sync.com/a760a5a7-e35e-49b8-9f5e-723455346741.gif?puid=f826e45c-c7fd-0123-329e-f78947ef4814&gdpr=&gdpr_consent=ccpa=:0
[   24056ms] [ERROR] Failed to load resource: net::ERR_NAME_NOT_RESOLVED @ https://cs.iqzone.com/6f0476ca45e1d6b67e3ee8d57532a022.gif?redir=https%3A%2F%2Fsync.cootlogix.com%2Fapi%2Fcookie%3FpartnerId%3Diqzone%26gdpr%3D%26gdpr_consent%3D%26us_privacy%3D%26userId%3D%5BUID%5D&gdpr=&gdpr_consent=&ccpa=:0
[   24070ms] [ERROR] Failed to load resource: net::ERR_NAME_NOT_RESOLVED @ https://sync.colossusssp.com/vdz.gif?puid=f826e45c-c7fd-0123-329e-f78947ef4814&redir=https%3A%2F%2Fsync.cootlogix.com%2Fapi%2Fcookie%3FpartnerId%3Dcolossus%26gdpr%3D%26gdpr_consent%3D%26us_privacy%3D%26userId%3D%5BUID%5D:0
[   24075ms] [ERROR] Failed to load resource: net::ERR_NAME_NOT_RESOLVED @ https://sync.ottadvisors.com/6f0476ca45e1d6b67e3ee8d57532a022.gif?&us_privacy=&gdpr=&gdpr_consent=&gpp=&gpp_sid=&puid=f826e45c-c7fd-0123-329e-f78947ef4814&redir=https%3A%2F%2Fsync.cootlogix.com%2Fapi%2Fcookie%3FpartnerId%3Dott%26userId%3D%5BUID%5D%26gdpr%3D%5BGDPR%5D%26gdpr_consent%3D%5BGDPR_CONSENT%5D%26us_privacy%3D%5BCCPA%5D%26coppa%3D%5BCOPPA%5D%26gpp%3D%5BGPP%5D%26gpp_sid%3D%5BGPP_SID%5D:0
[   24166ms] [ERROR] Failed to load resource: the server responded with a status of 404 (Not Found) @ https://us4.shb-sync.com/a760a5a7-e35e-49b8-9f5e-723455346741.gif?puid=f826e45c-c7fd-0123-329e-f78947ef4814&gdpr=&gdpr_consent=ccpa=:0
[   24197ms] [ERROR] Failed to load resource: the server responded with a status of 404 () @ https://ittpx.eskimi.com/sync?sp_id=181&gdpr=${GDPR}&gdpr_consent=${GDPR_CONSENT}&us_privacy=${US_PRIVACY}&dest=https%3A%2F%2Fsync.adtech.ink%2Fpsync%3Ft%3Dd%26e%3D350%26u%3D%24%7BUSER_ID%7D%26clp%3DaHR0cHM6Ly9zeW5jLmNvb3Rsb2dpeC5jb20vYXBpL2Nvb2tpZT9wYXJ0bmVySWQ9YWRpc29udHYmdXNlcklkPSVVU0VSX0lEJSZnZHByPSZnZHByX2NvbnNlbnQ9JnVzX3ByaXZhY3k9:0
[   24438ms] [ERROR] Failed to load resource: the server responded with a status of 404 (Not Found) @ https://us4.shb-sync.com/a760a5a7-e35e-49b8-9f5e-723455346741.gif?puid=f826e45c-c7fd-0123-329e-f78947ef4814&gdpr=&gdpr_consent=ccpa=:0
[   24471ms] [ERROR] Failed to load resource: net::ERR_NAME_NOT_RESOLVED @ https://visitor-taipeidigitalvideo.omnitagjs.com/visitor/bsync?uid=109981e35ee6e5a3cd5ef6913b074ed9&name=gen01&url=https%3A%2F%2Fsync.adtech.ink%2Fpsync%3Ft%3Dd%26e%3D113%26u%3DPARTNER_USER_ID%26clp%3DaHR0cHM6Ly9zeW5jLmNvb3Rsb2dpeC5jb20vYXBpL2Nvb2tpZT9wYXJ0bmVySWQ9YWRpc29udHYmdXNlcklkPSVVU0VSX0lEJSZnZHByPSZnZHByX2NvbnNlbnQ9JnVzX3ByaXZhY3k9:0
[   24739ms] [ERROR] Failed to load resource: the server responded with a status of 404 (Not Found) @ https://us4.shb-sync.com/a760a5a7-e35e-49b8-9f5e-723455346741.gif?puid=f826e45c-c7fd-0123-329e-f78947ef4814&gdpr=&gdpr_consent=ccpa=:0
[   24741ms] [ERROR] Failed to load resource: net::ERR_NAME_NOT_RESOLVED @ https://visitor-taipeidigitalvideo.omnitagjs.com/visitor/bsync?uid=109981e35ee6e5a3cd5ef6913b074ed9&name=gen01&url=https%3A%2F%2Fsync.adtech.ink%2Fpsync%3Ft%3Dd%26e%3D113%26u%3DPARTNER_USER_ID%26clp%3DaHR0cHM6Ly9zeW5jLmNvb3Rsb2dpeC5jb20vYXBpL2Nvb2tpZT9wYXJ0bmVySWQ9YWRpc29udHYmdXNlcklkPSVVU0VSX0lEJSZnZHByPSZnZHByX2NvbnNlbnQ9JnVzX3ByaXZhY3k9:0
[   25447ms] [ERROR] Failed to load resource: net::ERR_NAME_NOT_RESOLVED @ https://visitor-safari.omnitagjs.com/visitor/bsync?uid=d18a3e2f66cd92d3dd8b543f28c4a5cb&name=beop&url=https%3A%2F%2Fsync.adtech.ink%2Fpsync%3Ft%3Dd%26e%3D204%26u%3DPARTNER_USER_ID%26clp%3DaHR0cHM6Ly9zeW5jLmNvb3Rsb2dpeC5jb20vYXBpL2Nvb2tpZT9wYXJ0bmVySWQ9YWRpc29udHYmdXNlcklkPSVVU0VSX0lEJSZnZHByPSZnZHByX2NvbnNlbnQ9JnVzX3ByaXZhY3k9:0
[   14348ms] [ERROR] Failed to load resource: net::ERR_NAME_NOT_RESOLVED @ https://pixel.tapad.com/idsync/ex/receive?partner_id=3535&partner_device_id=ID5-5-50586368-d49a-45cf-b635-d3c968d5d097&partner_url=https%3A%2F%2Fsync.inmobi.com%2Fsetuid%3FbidderID%3D877%26dspUserId%3D%24%7BTA_DEVICE_ID%7D:0
[   14351ms] [ERROR] Failed to load resource: net::ERR_NAME_NOT_RESOLVED @ https://us.ck-ie.com/inmslw82.gif?gdpr=0&gdpr_consent=&redir=https%3A%2F%2Fsync.inmobi.com%2Fsetuid%3FbidderID%3DID5-893%26dspUserId%3D%7B%24PARTNER_UID%7D:0
[   16190ms] [ERROR] Failed to load resource: the server responded with a status of 503 () @ https://sync.inmobi.com/setuid?bidderID=32&dspUserId=8170537030556458571:0
[   16952ms] [ERROR] Failed to load resource: the server responded with a status of 503 () @ https://sync.inmobi.com/setuid?bidderID=957&dspUserId=ce6aa632-97eb-4003-97ce-d788351ff5b3:0
[   17094ms] [ERROR] Failed to load resource: net::ERR_HTTP2_SERVER_REFUSED_STREAM @ https://cs.admanmedia.com/e03deca3316b700a1ce99c41e324fd03.gif?puid=ID5-5-50586368-d49a-45cf-b635-d3c968d5d097&redir=https%3A%2F%2Fsync.inmobi.com%2Fsetuid%3FbidderID%3D149%26dspUserId%3D%5BUID%5D&gdpr=0&gdpr_consent=:0
[   24790ms] [ERROR] Failed to load resource: the server responded with a status of 400 (Bad Request) @ https://ps.eyeota.net/match?bid=2ri0rg0&uid={ce806ad9-5944-31ea-7a773814}:0
[   25359ms] [ERROR] Failed to load resource: the server responded with a status of 404 () @ https://cs.krushmedia.com/4831fbf13dd518a56346a6e0ec8ba9d5.gif?puid=ID5-5-50586368-d49a-45cf-b635-d3c968d5d097&redir=https%3A%2F%2Fsync.inmobi.com%2Fsetuid%3FbidderID%3D1315%26dspUserId%3D%5BUID%5D&gdpr=0&gdpr_consent=:0
[   14348ms] [ERROR] Failed to load resource: net::ERR_NAME_NOT_RESOLVED @ https://pixel.tapad.com/idsync/ex/receive?partner_id=3535&partner_device_id=ID5-5-50586368-d49a-45cf-b635-d3c968d5d097&partner_url=https%3A%2F%2Fsync.inmobi.com%2Fsetuid%3FbidderID%3D877%26dspUserId%3D%24%7BTA_DEVICE_ID%7D:0
[   14351ms] [ERROR] Failed to load resource: net::ERR_NAME_NOT_RESOLVED @ https://us.ck-ie.com/inmslw82.gif?gdpr=0&gdpr_consent=&redir=https%3A%2F%2Fsync.inmobi.com%2Fsetuid%3FbidderID%3DID5-893%26dspUserId%3D%7B%24PARTNER_UID%7D:0
[   16190ms] [ERROR] Failed to load resource: the server responded with a status of 503 () @ https://sync.inmobi.com/setuid?bidderID=32&dspUserId=8170537030556458571:0
[   16952ms] [ERROR] Failed to load resource: the server responded with a status of 503 () @ https://sync.inmobi.com/setuid?bidderID=957&dspUserId=ce6aa632-97eb-4003-97ce-d788351ff5b3:0
[   17094ms] [ERROR] Failed to load resource: net::ERR_HTTP2_SERVER_REFUSED_STREAM @ https://cs.admanmedia.com/e03deca3316b700a1ce99c41e324fd03.gif?puid=ID5-5-50586368-d49a-45cf-b635-d3c968d5d097&redir=https%3A%2F%2Fsync.inmobi.com%2Fsetuid%3FbidderID%3D149%26dspUserId%3D%5BUID%5D&gdpr=0&gdpr_consent=:0
[   24790ms] [ERROR] Failed to load resource: the server responded with a status of 400 (Bad Request) @ https://ps.eyeota.net/match?bid=2ri0rg0&uid={ce806ad9-5944-31ea-7a773814}:0
[   25359ms] [ERROR] Failed to load resource: the server responded with a status of 404 () @ https://cs.krushmedia.com/4831fbf13dd518a56346a6e0ec8ba9d5.gif?puid=ID5-5-50586368-d49a-45cf-b635-d3c968d5d097&redir=https%3A%2F%2Fsync.inmobi.com%2Fsetuid%3FbidderID%3D1315%26dspUserId%3D%5BUID%5D&gdpr=0&gdpr_consent=:0
[   26825ms] [ERROR] Failed to load resource: net::ERR_HTTP2_SERVER_REFUSED_STREAM @ https://cs.admanmedia.com/94fd017f496d404a25fc5546f959bf2f.gif?gdpr=&gdpr_consent=&us_privacy=&redir=https%3A%2F%2Fsync.kueezrtb.com%2Fapi%2Fcookie%3FpartnerId%3Dkueez-acuity%26gdpr%3D%26gdpr_consent%3D%26us_privacy%3D%26userId%3D%5BUID%5D:0
[   26826ms] [ERROR] Failed to load resource: net::ERR_HTTP2_SERVER_REFUSED_STREAM @ https://cs.admanmedia.com/e03deca3316b700a1ce99c41e324fd03.gif?puid=ID5-5-50586368-d49a-45cf-b635-d3c968d5d097&redir=https%3A%2F%2Fsync.inmobi.com%2Fsetuid%3FbidderID%3D149%26dspUserId%3D%5BUID%5D&gdpr=0&gdpr_consent=:0
